family_name,task_type,outcome,metric,higher_is_better,handle0,handle1,n_eval_common,alignment_mode,metric0,metric1,delta_raw,delta_better,delta_ci_lo_raw,delta_ci_hi_raw,delta_ci_lo_better,delta_ci_hi_better,p_raw,p_adj
qwen3_scaled_additional_binary,classification,crrt_initiation,roc_auc,True,qwen3_depth8_deciles_unfused,qwen3_depth8_deciles_fused,63669,hospitalization_id,0.5071492916252544,0.7649160956688198,0.25776680404356545,0.25776680404356545,0.21183819530198664,0.3008559646746053,0.21183819530198664,0.3008559646746053,,
qwen3_scaled_additional_binary,classification,crrt_initiation,pr_auc,True,qwen3_depth8_deciles_unfused,qwen3_depth8_deciles_fused,63669,hospitalization_id,0.0043329513501651085,0.020144999060253747,0.015812047710088636,0.015812047710088636,0.011486473777996152,0.024060456321806166,0.011486473777996152,0.024060456321806166,,
qwen3_scaled_additional_binary,classification,crrt_initiation,brier,False,qwen3_depth8_deciles_unfused,qwen3_depth8_deciles_fused,63669,hospitalization_id,0.004132283703570034,0.00411110698617376,-2.1176717396274684e-05,2.1176717396274684e-05,-5.044737745546152e-05,6.96508604235375e-06,-6.96508604235375e-06,5.044737745546152e-05,,
qwen3_scaled_additional_binary,classification,crrt_initiation,ece_15,False,qwen3_depth8_deciles_unfused,qwen3_depth8_deciles_fused,63669,hospitalization_id,0.002886686747339197,0.001703274916751814,-0.0011834118305873828,0.0011834118305873828,-0.0018893859789346394,-0.0004398998076273466,0.0004398998076273466,0.0018893859789346394,,
qwen3_scaled_additional_binary,classification,crrt_initiation,roc_auc,True,qwen3_depth8_deciles_unfused,qwen3_depth16_deciles_unfused,63669,hospitalization_id,0.5071492916252544,0.35594980935822007,-0.15119948226703428,-0.15119948226703428,-0.1984228112316205,-0.1057036361431247,-0.1984228112316205,-0.1057036361431247,,
qwen3_scaled_additional_binary,classification,crrt_initiation,pr_auc,True,qwen3_depth8_deciles_unfused,qwen3_depth16_deciles_unfused,63669,hospitalization_id,0.0043329513501651085,0.0028912602134071987,-0.0014416911367579098,-0.0014416911367579098,-0.0023897348060233988,-0.0009493127725080438,-0.0023897348060233988,-0.0009493127725080438,,
qwen3_scaled_additional_binary,classification,crrt_initiation,brier,False,qwen3_depth8_deciles_unfused,qwen3_depth16_deciles_unfused,63669,hospitalization_id,0.004132283703570034,0.004595377468370649,0.0004630937648006147,-0.0004630937648006147,0.00043847103889901065,0.00048716186226669376,-0.00048716186226669376,-0.00043847103889901065,,
qwen3_scaled_additional_binary,classification,crrt_initiation,ece_15,False,qwen3_depth8_deciles_unfused,qwen3_depth16_deciles_unfused,63669,hospitalization_id,0.002886686747339197,0.011604319954748643,0.008717633207409446,-0.008717633207409446,0.008051001168316297,0.009331115958505614,-0.009331115958505614,-0.008051001168316297,,
qwen3_scaled_additional_binary,classification,crrt_initiation,roc_auc,True,qwen3_depth8_deciles_unfused,qwen3_depth16_deciles_fused,63669,hospitalization_id,0.5071492916252544,0.7418031110752373,0.23465381944998298,0.23465381944998298,0.1898891193693951,0.2808470163941967,0.1898891193693951,0.2808470163941967,,
qwen3_scaled_additional_binary,classification,crrt_initiation,pr_auc,True,qwen3_depth8_deciles_unfused,qwen3_depth16_deciles_fused,63669,hospitalization_id,0.0043329513501651085,0.017751182056685615,0.013418230706520507,0.013418230706520507,0.009709915410068045,0.018496913832038237,0.009709915410068045,0.018496913832038237,,
qwen3_scaled_additional_binary,classification,crrt_initiation,brier,False,qwen3_depth8_deciles_unfused,qwen3_depth16_deciles_fused,63669,hospitalization_id,0.004132283703570034,0.004125922353744784,-6.3613498252502315e-06,6.3613498252502315e-06,-3.258343655991305e-05,1.881474461170301e-05,-1.881474461170301e-05,3.258343655991305e-05,,
qwen3_scaled_additional_binary,classification,crrt_initiation,ece_15,False,qwen3_depth8_deciles_unfused,qwen3_depth16_deciles_fused,63669,hospitalization_id,0.002886686747339197,0.0018888550904805916,-0.0009978316568586053,0.0009978316568586053,-0.0016716374678701757,-0.0002575312694424577,0.0002575312694424577,0.0016716374678701757,,
qwen3_scaled_additional_binary,classification,crrt_initiation,roc_auc,True,qwen3_depth8_deciles_fused,qwen3_depth16_deciles_unfused,63669,hospitalization_id,0.7649160956688198,0.35594980935822007,-0.4089662863105997,-0.4089662863105997,-0.45143096695813795,-0.3615468440626277,-0.45143096695813795,-0.3615468440626277,,
qwen3_scaled_additional_binary,classification,crrt_initiation,pr_auc,True,qwen3_depth8_deciles_fused,qwen3_depth16_deciles_unfused,63669,hospitalization_id,0.020144999060253747,0.0028912602134071987,-0.01725373884684655,-0.01725373884684655,-0.025575630960369786,-0.01291826489044803,-0.025575630960369786,-0.01291826489044803,,
qwen3_scaled_additional_binary,classification,crrt_initiation,brier,False,qwen3_depth8_deciles_fused,qwen3_depth16_deciles_unfused,63669,hospitalization_id,0.00411110698617376,0.004595377468370649,0.0004842704821968894,-0.0004842704821968894,0.00044849957597989447,0.0005219637025333156,-0.0005219637025333156,-0.00044849957597989447,,
qwen3_scaled_additional_binary,classification,crrt_initiation,ece_15,False,qwen3_depth8_deciles_fused,qwen3_depth16_deciles_unfused,63669,hospitalization_id,0.001703274916751814,0.011604319954748643,0.009901045037996829,-0.009901045037996829,0.009177206171820225,0.010525144154964628,-0.010525144154964628,-0.009177206171820225,,
qwen3_scaled_additional_binary,classification,crrt_initiation,roc_auc,True,qwen3_depth8_deciles_fused,qwen3_depth16_deciles_fused,63669,hospitalization_id,0.7649160956688198,0.7418031110752373,-0.023112984593582464,-0.023112984593582464,-0.05072508284099704,0.003524557218490904,-0.05072508284099704,0.003524557218490904,,
qwen3_scaled_additional_binary,classification,crrt_initiation,pr_auc,True,qwen3_depth8_deciles_fused,qwen3_depth16_deciles_fused,63669,hospitalization_id,0.020144999060253747,0.017751182056685615,-0.0023938170035681314,-0.0023938170035681314,-0.009063699539465972,0.001459262255065654,-0.009063699539465972,0.001459262255065654,,
qwen3_scaled_additional_binary,classification,crrt_initiation,brier,False,qwen3_depth8_deciles_fused,qwen3_depth16_deciles_fused,63669,hospitalization_id,0.00411110698617376,0.004125922353744784,1.4815367571024453e-05,-1.4815367571024453e-05,-7.564371167789253e-06,3.8167206098912814e-05,-3.8167206098912814e-05,7.564371167789253e-06,,
qwen3_scaled_additional_binary,classification,crrt_initiation,ece_15,False,qwen3_depth8_deciles_fused,qwen3_depth16_deciles_fused,63669,hospitalization_id,0.001703274916751814,0.0018888550904805916,0.00018558017372877753,-0.00018558017372877753,-0.00020981556371379957,0.0006070488543397697,-0.0006070488543397697,0.00020981556371379957,,
qwen3_scaled_additional_binary,classification,crrt_initiation,roc_auc,True,qwen3_depth16_deciles_unfused,qwen3_depth16_deciles_fused,63669,hospitalization_id,0.35594980935822007,0.7418031110752373,0.38585330171701726,0.38585330171701726,0.3382855017466242,0.43110434516367424,0.3382855017466242,0.43110434516367424,,
qwen3_scaled_additional_binary,classification,crrt_initiation,pr_auc,True,qwen3_depth16_deciles_unfused,qwen3_depth16_deciles_fused,63669,hospitalization_id,0.0028912602134071987,0.017751182056685615,0.014859921843278417,0.014859921843278417,0.01127006909981398,0.02003456950281411,0.01127006909981398,0.02003456950281411,,
qwen3_scaled_additional_binary,classification,crrt_initiation,brier,False,qwen3_depth16_deciles_unfused,qwen3_depth16_deciles_fused,63669,hospitalization_id,0.004595377468370649,0.004125922353744784,-0.0004694551146258649,0.0004694551146258649,-0.0005028574682418957,-0.0004378461717588972,0.0004378461717588972,0.0005028574682418957,,
qwen3_scaled_additional_binary,classification,crrt_initiation,ece_15,False,qwen3_depth16_deciles_unfused,qwen3_depth16_deciles_fused,63669,hospitalization_id,0.011604319954748643,0.0018888550904805916,-0.009715464864268051,0.009715464864268051,-0.010380974015420588,-0.00900754136453273,0.00900754136453273,0.010380974015420588,,
qwen3_scaled_additional_binary,classification,hemodialysis_initiation,roc_auc,True,qwen3_depth8_deciles_unfused,qwen3_depth8_deciles_fused,63617,hospitalization_id,0.5028929757025367,0.7016315750821087,0.19873859937957206,0.19873859937957206,0.1530163273772057,0.24164300202305702,0.1530163273772057,0.24164300202305702,,
qwen3_scaled_additional_binary,classification,hemodialysis_initiation,pr_auc,True,qwen3_depth8_deciles_unfused,qwen3_depth8_deciles_fused,63617,hospitalization_id,0.005479809764947943,0.01721406324079834,0.011734253475850397,0.011734253475850397,0.00824469540335865,0.016478072168989805,0.00824469540335865,0.016478072168989805,,
qwen3_scaled_additional_binary,classification,hemodialysis_initiation,brier,False,qwen3_depth8_deciles_unfused,qwen3_depth8_deciles_fused,63617,hospitalization_id,0.005333954310719099,0.00531094206987509,-2.3012240844009005e-05,2.3012240844009005e-05,-4.8595745982134244e-05,-2.5939689074709624e-07,2.5939689074709624e-07,4.8595745982134244e-05,,
qwen3_scaled_additional_binary,classification,hemodialysis_initiation,ece_15,False,qwen3_depth8_deciles_unfused,qwen3_depth8_deciles_fused,63617,hospitalization_id,0.0030125519204829004,0.0016098569036615369,-0.0014026950168213636,0.0014026950168213636,-0.0020477512216596104,-0.0005349684387391183,0.0005349684387391183,0.0020477512216596104,,
qwen3_scaled_additional_binary,classification,hemodialysis_initiation,roc_auc,True,qwen3_depth8_deciles_unfused,qwen3_depth16_deciles_unfused,63617,hospitalization_id,0.5028929757025367,0.41713544276379577,-0.08575753293874089,-0.08575753293874089,-0.12395344734625632,-0.04822205063966239,-0.12395344734625632,-0.04822205063966239,,
qwen3_scaled_additional_binary,classification,hemodialysis_initiation,pr_auc,True,qwen3_depth8_deciles_unfused,qwen3_depth16_deciles_unfused,63617,hospitalization_id,0.005479809764947943,0.004291910399594746,-0.0011878993653531974,-0.0011878993653531974,-0.002496316218777488,-0.0005513068344177236,-0.002496316218777488,-0.0005513068344177236,,
qwen3_scaled_additional_binary,classification,hemodialysis_initiation,brier,False,qwen3_depth8_deciles_unfused,qwen3_depth16_deciles_unfused,63617,hospitalization_id,0.005333954310719099,0.005608737757921751,0.0002747834472026523,-0.0002747834472026523,0.0002325659125989663,0.00032504488782412734,-0.00032504488782412734,-0.0002325659125989663,,
qwen3_scaled_additional_binary,classification,hemodialysis_initiation,ece_15,False,qwen3_depth8_deciles_unfused,qwen3_depth16_deciles_unfused,63617,hospitalization_id,0.0030125519204829004,0.006545673130702177,0.003533121210219276,-0.003533121210219276,0.0028008073394934726,0.004175582009081261,-0.004175582009081261,-0.0028008073394934726,,
qwen3_scaled_additional_binary,classification,hemodialysis_initiation,roc_auc,True,qwen3_depth8_deciles_unfused,qwen3_depth16_deciles_fused,63617,hospitalization_id,0.5028929757025367,0.703613058922069,0.20072008321953239,0.20072008321953239,0.157901694625832,0.24198846419484404,0.157901694625832,0.24198846419484404,,
qwen3_scaled_additional_binary,classification,hemodialysis_initiation,pr_auc,True,qwen3_depth8_deciles_unfused,qwen3_depth16_deciles_fused,63617,hospitalization_id,0.005479809764947943,0.01919169962716806,0.013711889862220116,0.013711889862220116,0.009533775275421853,0.02199214940111155,0.009533775275421853,0.02199214940111155,,
qwen3_scaled_additional_binary,classification,hemodialysis_initiation,brier,False,qwen3_depth8_deciles_unfused,qwen3_depth16_deciles_fused,63617,hospitalization_id,0.005333954310719099,0.005308223383471044,-2.5730927248055098e-05,2.5730927248055098e-05,-5.8781334904361105e-05,2.4564673604235977e-06,-2.4564673604235977e-06,5.8781334904361105e-05,,
qwen3_scaled_additional_binary,classification,hemodialysis_initiation,ece_15,False,qwen3_depth8_deciles_unfused,qwen3_depth16_deciles_fused,63617,hospitalization_id,0.0030125519204829004,0.0015833375448697862,-0.0014292143756131142,0.0014292143756131142,-0.002075903245944108,-0.0006037779117060831,0.0006037779117060831,0.002075903245944108,,
qwen3_scaled_additional_binary,classification,hemodialysis_initiation,roc_auc,True,qwen3_depth8_deciles_fused,qwen3_depth16_deciles_unfused,63617,hospitalization_id,0.7016315750821087,0.41713544276379577,-0.28449613231831294,-0.28449613231831294,-0.32565964262291436,-0.24267839892808504,-0.32565964262291436,-0.24267839892808504,,
qwen3_scaled_additional_binary,classification,hemodialysis_initiation,pr_auc,True,qwen3_depth8_deciles_fused,qwen3_depth16_deciles_unfused,63617,hospitalization_id,0.01721406324079834,0.004291910399594746,-0.012922152841203596,-0.012922152841203596,-0.01772672657011737,-0.009653791233574403,-0.01772672657011737,-0.009653791233574403,,
qwen3_scaled_additional_binary,classification,hemodialysis_initiation,brier,False,qwen3_depth8_deciles_fused,qwen3_depth16_deciles_unfused,63617,hospitalization_id,0.00531094206987509,0.005608737757921751,0.0002977956880466613,-0.0002977956880466613,0.00024743030544310444,0.0003519883893450531,-0.0003519883893450531,-0.00024743030544310444,,
qwen3_scaled_additional_binary,classification,hemodialysis_initiation,ece_15,False,qwen3_depth8_deciles_fused,qwen3_depth16_deciles_unfused,63617,hospitalization_id,0.0016098569036615369,0.006545673130702177,0.00493581622704064,-0.00493581622704064,0.003999448836901697,0.005526083035862878,-0.005526083035862878,-0.003999448836901697,,
qwen3_scaled_additional_binary,classification,hemodialysis_initiation,roc_auc,True,qwen3_depth8_deciles_fused,qwen3_depth16_deciles_fused,63617,hospitalization_id,0.7016315750821087,0.703613058922069,0.0019814838399603296,0.0019814838399603296,-0.02433010328361522,0.026217274540674816,-0.02433010328361522,0.026217274540674816,,
qwen3_scaled_additional_binary,classification,hemodialysis_initiation,pr_auc,True,qwen3_depth8_deciles_fused,qwen3_depth16_deciles_fused,63617,hospitalization_id,0.01721406324079834,0.01919169962716806,0.001977636386369719,0.001977636386369719,-0.0015727077104889149,0.008624259866256706,-0.0015727077104889149,0.008624259866256706,,
qwen3_scaled_additional_binary,classification,hemodialysis_initiation,brier,False,qwen3_depth8_deciles_fused,qwen3_depth16_deciles_fused,63617,hospitalization_id,0.00531094206987509,0.005308223383471044,-2.718686404046093e-06,2.718686404046093e-06,-2.648605931162753e-05,2.0601610829305354e-05,-2.0601610829305354e-05,2.648605931162753e-05,,
qwen3_scaled_additional_binary,classification,hemodialysis_initiation,ece_15,False,qwen3_depth8_deciles_fused,qwen3_depth16_deciles_fused,63617,hospitalization_id,0.0016098569036615369,0.0015833375448697862,-2.6519358791750672e-05,2.6519358791750672e-05,-0.0005302232721241643,0.00046254492945755694,-0.00046254492945755694,0.0005302232721241643,,
qwen3_scaled_additional_binary,classification,hemodialysis_initiation,roc_auc,True,qwen3_depth16_deciles_unfused,qwen3_depth16_deciles_fused,63617,hospitalization_id,0.41713544276379577,0.703613058922069,0.2864776161582733,0.2864776161582733,0.24293337865682527,0.3279295210307415,0.24293337865682527,0.3279295210307415,,
qwen3_scaled_additional_binary,classification,hemodialysis_initiation,pr_auc,True,qwen3_depth16_deciles_unfused,qwen3_depth16_deciles_fused,63617,hospitalization_id,0.004291910399594746,0.01919169962716806,0.014899789227573314,0.014899789227573314,0.010839519446557712,0.02321214217664621,0.010839519446557712,0.02321214217664621,,
qwen3_scaled_additional_binary,classification,hemodialysis_initiation,brier,False,qwen3_depth16_deciles_unfused,qwen3_depth16_deciles_fused,63617,hospitalization_id,0.005608737757921751,0.005308223383471044,-0.0003005143744507074,0.0003005143744507074,-0.0003588208413342074,-0.0002475879915295738,0.0002475879915295738,0.0003588208413342074,,
qwen3_scaled_additional_binary,classification,hemodialysis_initiation,ece_15,False,qwen3_depth16_deciles_unfused,qwen3_depth16_deciles_fused,63617,hospitalization_id,0.006545673130702177,0.0015833375448697862,-0.00496233558583239,0.00496233558583239,-0.005564539391624492,-0.004081020116178346,0.004081020116178346,0.005564539391624492,,
qwen3_scaled_additional_binary,classification,hyperkalemia,roc_auc,True,qwen3_depth8_deciles_unfused,qwen3_depth8_deciles_fused,47454,hospitalization_id,0.5293664566663869,0.5836402080383221,0.05427375137193513,0.05427375137193513,0.018147486877157292,0.08787406980549511,0.018147486877157292,0.08787406980549511,,
qwen3_scaled_additional_binary,classification,hyperkalemia,pr_auc,True,qwen3_depth8_deciles_unfused,qwen3_depth8_deciles_fused,47454,hospitalization_id,0.01427501283254782,0.022132159461539912,0.007857146628992092,0.007857146628992092,0.004717356399849129,0.011855627172445454,0.004717356399849129,0.011855627172445454,,
qwen3_scaled_additional_binary,classification,hyperkalemia,brier,False,qwen3_depth8_deciles_unfused,qwen3_depth8_deciles_fused,47454,hospitalization_id,0.012749647019460388,0.012714936198395565,-3.471082106482233e-05,3.471082106482233e-05,-7.606357620803302e-05,5.064132439776744e-06,-5.064132439776744e-06,7.606357620803302e-05,,
qwen3_scaled_additional_binary,classification,hyperkalemia,ece_15,False,qwen3_depth8_deciles_unfused,qwen3_depth8_deciles_fused,47454,hospitalization_id,0.00485778842350245,0.004048612004061182,-0.0008091764194412682,0.0008091764194412682,-0.0020074864474700594,0.000712133486347411,-0.000712133486347411,0.0020074864474700594,,
qwen3_scaled_additional_binary,classification,hyperkalemia,roc_auc,True,qwen3_depth8_deciles_unfused,qwen3_depth16_deciles_unfused,47454,hospitalization_id,0.5293664566663869,0.5305029269866997,0.0011364703203127213,0.0011364703203127213,-0.027609595604018544,0.029511567231112916,-0.027609595604018544,0.029511567231112916,,
qwen3_scaled_additional_binary,classification,hyperkalemia,pr_auc,True,qwen3_depth8_deciles_unfused,qwen3_depth16_deciles_unfused,47454,hospitalization_id,0.01427501283254782,0.014915083403393248,0.0006400705708454277,0.0006400705708454277,-0.0012252559704644364,0.00392711071383793,-0.0012252559704644364,0.00392711071383793,,
qwen3_scaled_additional_binary,classification,hyperkalemia,brier,False,qwen3_depth8_deciles_unfused,qwen3_depth16_deciles_unfused,47454,hospitalization_id,0.012749647019460388,0.012781572876203365,3.1925856742977266e-05,-3.1925856742977266e-05,6.20436801887338e-06,5.6845684273440755e-05,-5.6845684273440755e-05,-6.20436801887338e-06,,
qwen3_scaled_additional_binary,classification,hyperkalemia,ece_15,False,qwen3_depth8_deciles_unfused,qwen3_depth16_deciles_unfused,47454,hospitalization_id,0.00485778842350245,0.006010585882648873,0.0011527974591464228,-0.0011527974591464228,-4.2780244275540246e-05,0.0024777991199744147,-0.0024777991199744147,4.2780244275540246e-05,,
qwen3_scaled_additional_binary,classification,hyperkalemia,roc_auc,True,qwen3_depth8_deciles_unfused,qwen3_depth16_deciles_fused,47454,hospitalization_id,0.5293664566663869,0.5758314162435489,0.04646495957716201,0.04646495957716201,0.01149282763854512,0.08021384162903566,0.01149282763854512,0.08021384162903566,,
qwen3_scaled_additional_binary,classification,hyperkalemia,pr_auc,True,qwen3_depth8_deciles_unfused,qwen3_depth16_deciles_fused,47454,hospitalization_id,0.01427501283254782,0.022254148383997988,0.007979135551450167,0.007979135551450167,0.00467614680305656,0.01235925053153419,0.00467614680305656,0.01235925053153419,,
qwen3_scaled_additional_binary,classification,hyperkalemia,brier,False,qwen3_depth8_deciles_unfused,qwen3_depth16_deciles_fused,47454,hospitalization_id,0.012749647019460388,0.012720349822460507,-2.9297196999880995e-05,2.9297196999880995e-05,-7.489760278683202e-05,1.2612767433896495e-05,-1.2612767433896495e-05,7.489760278683202e-05,,
qwen3_scaled_additional_binary,classification,hyperkalemia,ece_15,False,qwen3_depth8_deciles_unfused,qwen3_depth16_deciles_fused,47454,hospitalization_id,0.00485778842350245,0.00445207053205973,-0.00040571789144271987,0.00040571789144271987,-0.0017000616051978828,0.0009567233852810412,-0.0009567233852810412,0.0017000616051978828,,
qwen3_scaled_additional_binary,classification,hyperkalemia,roc_auc,True,qwen3_depth8_deciles_fused,qwen3_depth16_deciles_unfused,47454,hospitalization_id,0.5836402080383221,0.5305029269866997,-0.05313728105162241,-0.05313728105162241,-0.0880422094867367,-0.019052035590961292,-0.0880422094867367,-0.019052035590961292,,
qwen3_scaled_additional_binary,classification,hyperkalemia,pr_auc,True,qwen3_depth8_deciles_fused,qwen3_depth16_deciles_unfused,47454,hospitalization_id,0.022132159461539912,0.014915083403393248,-0.007217076058146664,-0.007217076058146664,-0.011004436815727839,-0.0034640567444332586,-0.011004436815727839,-0.0034640567444332586,,
qwen3_scaled_additional_binary,classification,hyperkalemia,brier,False,qwen3_depth8_deciles_fused,qwen3_depth16_deciles_unfused,47454,hospitalization_id,0.012714936198395565,0.012781572876203365,6.66366778077996e-05,-6.66366778077996e-05,2.743184499537465e-05,0.00010740712664398502,-0.00010740712664398502,-2.743184499537465e-05,,
qwen3_scaled_additional_binary,classification,hyperkalemia,ece_15,False,qwen3_depth8_deciles_fused,qwen3_depth16_deciles_unfused,47454,hospitalization_id,0.004048612004061182,0.006010585882648873,0.001961973878587691,-0.001961973878587691,0.0006833665217865961,0.0031368607287373287,-0.0031368607287373287,-0.0006833665217865961,,
qwen3_scaled_additional_binary,classification,hyperkalemia,roc_auc,True,qwen3_depth8_deciles_fused,qwen3_depth16_deciles_fused,47454,hospitalization_id,0.5836402080383221,0.5758314162435489,-0.007808791794773118,-0.007808791794773118,-0.03595069575671397,0.019217350165013487,-0.03595069575671397,0.019217350165013487,,
qwen3_scaled_additional_binary,classification,hyperkalemia,pr_auc,True,qwen3_depth8_deciles_fused,qwen3_depth16_deciles_fused,47454,hospitalization_id,0.022132159461539912,0.022254148383997988,0.00012198892245807516,0.00012198892245807516,-0.0029511084059320046,0.0035913975421806893,-0.0029511084059320046,0.0035913975421806893,,
qwen3_scaled_additional_binary,classification,hyperkalemia,brier,False,qwen3_depth8_deciles_fused,qwen3_depth16_deciles_fused,47454,hospitalization_id,0.012714936198395565,0.012720349822460507,5.413624064941336e-06,-5.413624064941336e-06,-3.1796713490600625e-05,4.000636371016561e-05,-4.000636371016561e-05,3.1796713490600625e-05,,
qwen3_scaled_additional_binary,classification,hyperkalemia,ece_15,False,qwen3_depth8_deciles_fused,qwen3_depth16_deciles_fused,47454,hospitalization_id,0.004048612004061182,0.00445207053205973,0.0004034585279985483,-0.0004034585279985483,-0.0007724692933909615,0.00145573463217665,-0.00145573463217665,0.0007724692933909615,,
qwen3_scaled_additional_binary,classification,hyperkalemia,roc_auc,True,qwen3_depth16_deciles_unfused,qwen3_depth16_deciles_fused,47454,hospitalization_id,0.5305029269866997,0.5758314162435489,0.04532848925684929,0.04532848925684929,0.011150969745201553,0.07933599743117445,0.011150969745201553,0.07933599743117445,,
qwen3_scaled_additional_binary,classification,hyperkalemia,pr_auc,True,qwen3_depth16_deciles_unfused,qwen3_depth16_deciles_fused,47454,hospitalization_id,0.014915083403393248,0.022254148383997988,0.007339064980604739,0.007339064980604739,0.0034507775678057338,0.011569666901789396,0.0034507775678057338,0.011569666901789396,,
qwen3_scaled_additional_binary,classification,hyperkalemia,brier,False,qwen3_depth16_deciles_unfused,qwen3_depth16_deciles_fused,47454,hospitalization_id,0.012781572876203365,0.012720349822460507,-6.122305374285826e-05,6.122305374285826e-05,-0.0001048490791206099,-2.0640500723074334e-05,2.0640500723074334e-05,0.0001048490791206099,,
qwen3_scaled_additional_binary,classification,hyperkalemia,ece_15,False,qwen3_depth16_deciles_unfused,qwen3_depth16_deciles_fused,47454,hospitalization_id,0.006010585882648873,0.00445207053205973,-0.0015585153505891427,0.0015585153505891427,-0.002793597260265489,-0.0003700347105531233,0.0003700347105531233,0.002793597260265489,,
qwen3_scaled_additional_binary,classification,hypoglycemia,roc_auc,True,qwen3_depth8_deciles_unfused,qwen3_depth8_deciles_fused,47348,hospitalization_id,0.5262270087790556,0.52989560782712,0.0036685990480643804,0.0036685990480643804,-0.024634876179750395,0.031131949632208018,-0.024634876179750395,0.031131949632208018,,
qwen3_scaled_additional_binary,classification,hypoglycemia,pr_auc,True,qwen3_depth8_deciles_unfused,qwen3_depth8_deciles_fused,47348,hospitalization_id,0.02018587575371501,0.021560874583999082,0.001374998830284073,0.001374998830284073,-0.0015440572841119505,0.0036870188735933338,-0.0015440572841119505,0.0036870188735933338,,
qwen3_scaled_additional_binary,classification,hypoglycemia,brier,False,qwen3_depth8_deciles_unfused,qwen3_depth8_deciles_fused,47348,hospitalization_id,0.01825171687206614,0.018273705078755836,2.198820668969717e-05,-2.198820668969717e-05,-1.799748567819703e-05,6.351583569528355e-05,-6.351583569528355e-05,1.799748567819703e-05,,
qwen3_scaled_additional_binary,classification,hypoglycemia,ece_15,False,qwen3_depth8_deciles_unfused,qwen3_depth8_deciles_fused,47348,hospitalization_id,0.007447766739247503,0.006463738172197835,-0.0009840285670496681,0.0009840285670496681,-0.0023641881098131266,0.0008165522513085332,-0.0008165522513085332,0.0023641881098131266,,
qwen3_scaled_additional_binary,classification,hypoglycemia,roc_auc,True,qwen3_depth8_deciles_unfused,qwen3_depth16_deciles_unfused,47348,hospitalization_id,0.5262270087790556,0.49727600742258626,-0.02895100135646933,-0.02895100135646933,-0.053591535183220865,-0.003811462218588013,-0.053591535183220865,-0.003811462218588013,,
qwen3_scaled_additional_binary,classification,hypoglycemia,pr_auc,True,qwen3_depth8_deciles_unfused,qwen3_depth16_deciles_unfused,47348,hospitalization_id,0.02018587575371501,0.01821804249042052,-0.001967833263294489,-0.001967833263294489,-0.004604315877440763,-0.00027360000461570976,-0.004604315877440763,-0.00027360000461570976,,
qwen3_scaled_additional_binary,classification,hypoglycemia,brier,False,qwen3_depth8_deciles_unfused,qwen3_depth16_deciles_unfused,47348,hospitalization_id,0.01825171687206614,0.018278783494925187,2.706662285904826e-05,-2.706662285904826e-05,-3.9179703906724e-06,5.866349903944669e-05,-5.866349903944669e-05,3.9179703906724e-06,,
qwen3_scaled_additional_binary,classification,hypoglycemia,ece_15,False,qwen3_depth8_deciles_unfused,qwen3_depth16_deciles_unfused,47348,hospitalization_id,0.007447766739247503,0.007961624975409826,0.000513858236162323,-0.000513858236162323,-0.0008854660718233873,0.0019978982380743832,-0.0019978982380743832,0.0008854660718233873,,
qwen3_scaled_additional_binary,classification,hypoglycemia,roc_auc,True,qwen3_depth8_deciles_unfused,qwen3_depth16_deciles_fused,47348,hospitalization_id,0.5262270087790556,0.5332547484218343,0.0070277396427786964,0.0070277396427786964,-0.019636151406735768,0.0340781684649762,-0.019636151406735768,0.0340781684649762,,
qwen3_scaled_additional_binary,classification,hypoglycemia,pr_auc,True,qwen3_depth8_deciles_unfused,qwen3_depth16_deciles_fused,47348,hospitalization_id,0.02018587575371501,0.023464568304283433,0.003278692550568424,0.003278692550568424,0.00017562556548484393,0.006973579754984546,0.00017562556548484393,0.006973579754984546,,
qwen3_scaled_additional_binary,classification,hypoglycemia,brier,False,qwen3_depth8_deciles_unfused,qwen3_depth16_deciles_fused,47348,hospitalization_id,0.01825171687206614,0.01823729427404966,-1.4422598016480132e-05,1.4422598016480132e-05,-6.127467852524776e-05,3.234015087595276e-05,-3.234015087595276e-05,6.127467852524776e-05,,
qwen3_scaled_additional_binary,classification,hypoglycemia,ece_15,False,qwen3_depth8_deciles_unfused,qwen3_depth16_deciles_fused,47348,hospitalization_id,0.007447766739247503,0.006171822984500986,-0.0012759437547465169,0.0012759437547465169,-0.0026063843357247802,0.00047834461563600876,-0.00047834461563600876,0.0026063843357247802,,
qwen3_scaled_additional_binary,classification,hypoglycemia,roc_auc,True,qwen3_depth8_deciles_fused,qwen3_depth16_deciles_unfused,47348,hospitalization_id,0.52989560782712,0.49727600742258626,-0.03261960040453371,-0.03261960040453371,-0.05964297218053271,-0.0034453028643118768,-0.05964297218053271,-0.0034453028643118768,,
qwen3_scaled_additional_binary,classification,hypoglycemia,pr_auc,True,qwen3_depth8_deciles_fused,qwen3_depth16_deciles_unfused,47348,hospitalization_id,0.021560874583999082,0.01821804249042052,-0.003342832093578562,-0.003342832093578562,-0.00549638243704042,-0.0013160971025695776,-0.00549638243704042,-0.0013160971025695776,,
qwen3_scaled_additional_binary,classification,hypoglycemia,brier,False,qwen3_depth8_deciles_fused,qwen3_depth16_deciles_unfused,47348,hospitalization_id,0.018273705078755836,0.018278783494925187,5.078416169351091e-06,-5.078416169351091e-06,-3.425882942634482e-05,4.4042195281657716e-05,-4.4042195281657716e-05,3.425882942634482e-05,,
qwen3_scaled_additional_binary,classification,hypoglycemia,ece_15,False,qwen3_depth8_deciles_fused,qwen3_depth16_deciles_unfused,47348,hospitalization_id,0.006463738172197835,0.007961624975409826,0.0014978868032119912,-0.0014978868032119912,-0.0003120339469163944,0.00294643444646587,-0.00294643444646587,0.0003120339469163944,,
qwen3_scaled_additional_binary,classification,hypoglycemia,roc_auc,True,qwen3_depth8_deciles_fused,qwen3_depth16_deciles_fused,47348,hospitalization_id,0.52989560782712,0.5332547484218343,0.003359140594714316,0.003359140594714316,-0.019628776068208318,0.02670772928982803,-0.019628776068208318,0.02670772928982803,,
qwen3_scaled_additional_binary,classification,hypoglycemia,pr_auc,True,qwen3_depth8_deciles_fused,qwen3_depth16_deciles_fused,47348,hospitalization_id,0.021560874583999082,0.023464568304283433,0.001903693720284351,0.001903693720284351,-9.935051050941292e-05,0.004917286553256562,-9.935051050941292e-05,0.004917286553256562,,
qwen3_scaled_additional_binary,classification,hypoglycemia,brier,False,qwen3_depth8_deciles_fused,qwen3_depth16_deciles_fused,47348,hospitalization_id,0.018273705078755836,0.01823729427404966,-3.64108047061773e-05,3.64108047061773e-05,-7.286432485482377e-05,-2.0626044548668825e-06,2.0626044548668825e-06,7.286432485482377e-05,,
qwen3_scaled_additional_binary,classification,hypoglycemia,ece_15,False,qwen3_depth8_deciles_fused,qwen3_depth16_deciles_fused,47348,hospitalization_id,0.006463738172197835,0.006171822984500986,-0.00029191518769684874,0.00029191518769684874,-0.0016158459419286211,0.001155047814148615,-0.001155047814148615,0.0016158459419286211,,
qwen3_scaled_additional_binary,classification,hypoglycemia,roc_auc,True,qwen3_depth16_deciles_unfused,qwen3_depth16_deciles_fused,47348,hospitalization_id,0.49727600742258626,0.5332547484218343,0.03597874099924803,0.03597874099924803,0.008894974698659575,0.06356377215889948,0.008894974698659575,0.06356377215889948,,
qwen3_scaled_additional_binary,classification,hypoglycemia,pr_auc,True,qwen3_depth16_deciles_unfused,qwen3_depth16_deciles_fused,47348,hospitalization_id,0.01821804249042052,0.023464568304283433,0.005246525813862913,0.005246525813862913,0.002767231519303325,0.00900853037452115,0.002767231519303325,0.00900853037452115,,
qwen3_scaled_additional_binary,classification,hypoglycemia,brier,False,qwen3_depth16_deciles_unfused,qwen3_depth16_deciles_fused,47348,hospitalization_id,0.018278783494925187,0.01823729427404966,-4.148922087552839e-05,4.148922087552839e-05,-8.801827140123095e-05,4.02316938910676e-06,-4.02316938910676e-06,8.801827140123095e-05,,
qwen3_scaled_additional_binary,classification,hypoglycemia,ece_15,False,qwen3_depth16_deciles_unfused,qwen3_depth16_deciles_fused,47348,hospitalization_id,0.007961624975409826,0.006171822984500986,-0.00178980199090884,0.00178980199090884,-0.003139232577095625,1.4492825244964625e-05,-1.4492825244964625e-05,0.003139232577095625,,
qwen3_scaled_additional_binary,classification,hypotension,roc_auc,True,qwen3_depth8_deciles_unfused,qwen3_depth8_deciles_fused,5490,hospitalization_id,0.5043270715388575,0.560020872648253,0.05569380110939548,0.05569380110939548,0.03435046974749397,0.07857336558265711,0.03435046974749397,0.07857336558265711,,
qwen3_scaled_additional_binary,classification,hypotension,pr_auc,True,qwen3_depth8_deciles_unfused,qwen3_depth8_deciles_fused,5490,hospitalization_id,0.6378902253973873,0.6852253735779108,0.047335148180523534,0.047335148180523534,0.029876026329980435,0.06511739790858471,0.029876026329980435,0.06511739790858471,,
qwen3_scaled_additional_binary,classification,hypotension,brier,False,qwen3_depth8_deciles_unfused,qwen3_depth8_deciles_fused,5490,hospitalization_id,0.241472966945339,0.2351658640343104,-0.0063071029110286225,0.0063071029110286225,-0.0104460472658362,-0.002372919902590164,0.002372919902590164,0.0104460472658362,,
qwen3_scaled_additional_binary,classification,hypotension,ece_15,False,qwen3_depth8_deciles_unfused,qwen3_depth8_deciles_fused,5490,hospitalization_id,0.07993531793152402,0.06626645645687623,-0.013668861474647784,0.013668861474647784,-0.031026871993250174,0.0018599952557624476,-0.0018599952557624476,0.031026871993250174,,
qwen3_scaled_additional_binary,classification,hypotension,roc_auc,True,qwen3_depth8_deciles_unfused,qwen3_depth16_deciles_unfused,5490,hospitalization_id,0.5043270715388575,0.5091019042717447,0.0047748327328872575,0.0047748327328872575,-0.015474404741087765,0.02598888436029265,-0.015474404741087765,0.02598888436029265,,
qwen3_scaled_additional_binary,classification,hypotension,pr_auc,True,qwen3_depth8_deciles_unfused,qwen3_depth16_deciles_unfused,5490,hospitalization_id,0.6378902253973873,0.6312632176498408,-0.006627007747546432,-0.006627007747546432,-0.02382040574922564,0.010677620417597573,-0.02382040574922564,0.010677620417597573,,
qwen3_scaled_additional_binary,classification,hypotension,brier,False,qwen3_depth8_deciles_unfused,qwen3_depth16_deciles_unfused,5490,hospitalization_id,0.241472966945339,0.24068967618372392,-0.0007832907616150964,0.0007832907616150964,-0.00438243088716975,0.0025508117972254628,-0.0025508117972254628,0.00438243088716975,,
qwen3_scaled_additional_binary,classification,hypotension,ece_15,False,qwen3_depth8_deciles_unfused,qwen3_depth16_deciles_unfused,5490,hospitalization_id,0.07993531793152402,0.07782480716759273,-0.0021105107639312892,0.0021105107639312892,-0.01871253031566431,0.012092123502355221,-0.012092123502355221,0.01871253031566431,,
qwen3_scaled_additional_binary,classification,hypotension,roc_auc,True,qwen3_depth8_deciles_unfused,qwen3_depth16_deciles_fused,5490,hospitalization_id,0.5043270715388575,0.5547591067650255,0.050432035226168015,0.050432035226168015,0.027897341556030027,0.07252795698930951,0.027897341556030027,0.07252795698930951,,
qwen3_scaled_additional_binary,classification,hypotension,pr_auc,True,qwen3_depth8_deciles_unfused,qwen3_depth16_deciles_fused,5490,hospitalization_id,0.6378902253973873,0.6813863606320424,0.04349613523465512,0.04349613523465512,0.024592313866386592,0.06215432537868469,0.024592313866386592,0.06215432537868469,,
qwen3_scaled_additional_binary,classification,hypotension,brier,False,qwen3_depth8_deciles_unfused,qwen3_depth16_deciles_fused,5490,hospitalization_id,0.241472966945339,0.23621503237052408,-0.0052579345748149375,0.0052579345748149375,-0.009353867173850373,-0.0009230549447367468,0.0009230549447367468,0.009353867173850373,,
qwen3_scaled_additional_binary,classification,hypotension,ece_15,False,qwen3_depth8_deciles_unfused,qwen3_depth16_deciles_fused,5490,hospitalization_id,0.07993531793152402,0.0645884041178722,-0.015346913813651816,0.015346913813651816,-0.03184841263118845,0.0007581097872951054,-0.0007581097872951054,0.03184841263118845,,
qwen3_scaled_additional_binary,classification,hypotension,roc_auc,True,qwen3_depth8_deciles_fused,qwen3_depth16_deciles_unfused,5490,hospitalization_id,0.560020872648253,0.5091019042717447,-0.05091896837650822,-0.05091896837650822,-0.07226019111534569,-0.029890236261820163,-0.07226019111534569,-0.029890236261820163,,
qwen3_scaled_additional_binary,classification,hypotension,pr_auc,True,qwen3_depth8_deciles_fused,qwen3_depth16_deciles_unfused,5490,hospitalization_id,0.6852253735779108,0.6312632176498408,-0.053962155928069966,-0.053962155928069966,-0.07208090505273906,-0.0367884027000906,-0.07208090505273906,-0.0367884027000906,,
qwen3_scaled_additional_binary,classification,hypotension,brier,False,qwen3_depth8_deciles_fused,qwen3_depth16_deciles_unfused,5490,hospitalization_id,0.2351658640343104,0.24068967618372392,0.005523812149413526,-0.005523812149413526,0.001538669190278065,0.009482450602234257,-0.009482450602234257,-0.001538669190278065,,
qwen3_scaled_additional_binary,classification,hypotension,ece_15,False,qwen3_depth8_deciles_fused,qwen3_depth16_deciles_unfused,5490,hospitalization_id,0.06626645645687623,0.07782480716759273,0.011558350710716495,-0.011558350710716495,-0.005273981373346483,0.02793001027203562,-0.02793001027203562,0.005273981373346483,,
qwen3_scaled_additional_binary,classification,hypotension,roc_auc,True,qwen3_depth8_deciles_fused,qwen3_depth16_deciles_fused,5490,hospitalization_id,0.560020872648253,0.5547591067650255,-0.005261765883227465,-0.005261765883227465,-0.019897652264140874,0.008824210080028073,-0.019897652264140874,0.008824210080028073,,
qwen3_scaled_additional_binary,classification,hypotension,pr_auc,True,qwen3_depth8_deciles_fused,qwen3_depth16_deciles_fused,5490,hospitalization_id,0.6852253735779108,0.6813863606320424,-0.003839012945868414,-0.003839012945868414,-0.015845362724878295,0.008506691647639281,-0.015845362724878295,0.008506691647639281,,
qwen3_scaled_additional_binary,classification,hypotension,brier,False,qwen3_depth8_deciles_fused,qwen3_depth16_deciles_fused,5490,hospitalization_id,0.2351658640343104,0.23621503237052408,0.001049168336213685,-0.001049168336213685,-0.0017232142444402166,0.003948642150647704,-0.003948642150647704,0.0017232142444402166,,
qwen3_scaled_additional_binary,classification,hypotension,ece_15,False,qwen3_depth8_deciles_fused,qwen3_depth16_deciles_fused,5490,hospitalization_id,0.06626645645687623,0.0645884041178722,-0.0016780523390040325,0.0016780523390040325,-0.013379550287143833,0.011677822791637019,-0.011677822791637019,0.013379550287143833,,
qwen3_scaled_additional_binary,classification,hypotension,roc_auc,True,qwen3_depth16_deciles_unfused,qwen3_depth16_deciles_fused,5490,hospitalization_id,0.5091019042717447,0.5547591067650255,0.04565720249328076,0.04565720249328076,0.02374471248625066,0.06769487981361877,0.02374471248625066,0.06769487981361877,,
qwen3_scaled_additional_binary,classification,hypotension,pr_auc,True,qwen3_depth16_deciles_unfused,qwen3_depth16_deciles_fused,5490,hospitalization_id,0.6312632176498408,0.6813863606320424,0.05012314298220155,0.05012314298220155,0.032449654615598345,0.06808756585373128,0.032449654615598345,0.06808756585373128,,
qwen3_scaled_additional_binary,classification,hypotension,brier,False,qwen3_depth16_deciles_unfused,qwen3_depth16_deciles_fused,5490,hospitalization_id,0.24068967618372392,0.23621503237052408,-0.004474643813199841,0.004474643813199841,-0.008385004348024479,-0.0005633267189038415,0.0005633267189038415,0.008385004348024479,,
qwen3_scaled_additional_binary,classification,hypotension,ece_15,False,qwen3_depth16_deciles_unfused,qwen3_depth16_deciles_fused,5490,hospitalization_id,0.07782480716759273,0.0645884041178722,-0.013236403049720527,0.013236403049720527,-0.02847786349741835,0.004965245452760971,-0.004965245452760971,0.02847786349741835,,
qwen3_scaled_additional_binary,classification,profound_hyponatremia,roc_auc,True,qwen3_depth8_deciles_unfused,qwen3_depth8_deciles_fused,47773,hospitalization_id,0.48381015789586723,0.5365944059266433,0.05278424803077608,0.05278424803077608,-0.01959915861265378,0.13138319799789916,-0.01959915861265378,0.13138319799789916,,
qwen3_scaled_additional_binary,classification,profound_hyponatremia,pr_auc,True,qwen3_depth8_deciles_unfused,qwen3_depth8_deciles_fused,47773,hospitalization_id,0.0025918742205576664,0.003447198510039917,0.0008553242894822504,0.0008553242894822504,-2.9400751649240865e-05,0.002009289930369238,-2.9400751649240865e-05,0.002009289930369238,,
qwen3_scaled_additional_binary,classification,profound_hyponatremia,brier,False,qwen3_depth8_deciles_unfused,qwen3_depth8_deciles_fused,47773,hospitalization_id,0.002706904994351051,0.002709572227934294,2.6672335832430595e-06,-2.6672335832430595e-06,-2.761226643084396e-06,7.5540698449530185e-06,-7.5540698449530185e-06,2.761226643084396e-06,,
qwen3_scaled_additional_binary,classification,profound_hyponatremia,ece_15,False,qwen3_depth8_deciles_unfused,qwen3_depth8_deciles_fused,47773,hospitalization_id,0.0022938809605378896,0.0019085552431997628,-0.0003853257173381268,0.0003853257173381268,-0.0009717857070996285,0.00024389896723900936,-0.00024389896723900936,0.0009717857070996285,,
qwen3_scaled_additional_binary,classification,profound_hyponatremia,roc_auc,True,qwen3_depth8_deciles_unfused,qwen3_depth16_deciles_unfused,47773,hospitalization_id,0.48381015789586723,0.4890915764790413,0.005281418583174047,0.005281418583174047,-0.05300897853668432,0.06396165919971283,-0.05300897853668432,0.06396165919971283,,
qwen3_scaled_additional_binary,classification,profound_hyponatremia,pr_auc,True,qwen3_depth8_deciles_unfused,qwen3_depth16_deciles_unfused,47773,hospitalization_id,0.0025918742205576664,0.002584170201946778,-7.704018610888309e-06,-7.704018610888309e-06,-0.0006142140432373418,0.0004546158404935412,-0.0006142140432373418,0.0004546158404935412,,
qwen3_scaled_additional_binary,classification,profound_hyponatremia,brier,False,qwen3_depth8_deciles_unfused,qwen3_depth16_deciles_unfused,47773,hospitalization_id,0.002706904994351051,0.0027478035534653717,4.089855911432053e-05,-4.089855911432053e-05,3.390372292589215e-05,4.8219691312091895e-05,-4.8219691312091895e-05,-3.390372292589215e-05,,
qwen3_scaled_additional_binary,classification,profound_hyponatremia,ece_15,False,qwen3_depth8_deciles_unfused,qwen3_depth16_deciles_unfused,47773,hospitalization_id,0.0022938809605378896,0.0031564032996722986,0.000862522339134409,-0.000862522339134409,0.00039067507372706736,0.0014225277903397867,-0.0014225277903397867,-0.00039067507372706736,,
qwen3_scaled_additional_binary,classification,profound_hyponatremia,roc_auc,True,qwen3_depth8_deciles_unfused,qwen3_depth16_deciles_fused,47773,hospitalization_id,0.48381015789586723,0.5325654938207728,0.04875533592490555,0.04875533592490555,-0.022475308882567328,0.12112045325057666,-0.022475308882567328,0.12112045325057666,,
qwen3_scaled_additional_binary,classification,profound_hyponatremia,pr_auc,True,qwen3_depth8_deciles_unfused,qwen3_depth16_deciles_fused,47773,hospitalization_id,0.0025918742205576664,0.004716977396126325,0.0021251031755686587,0.0021251031755686587,0.0004952379479624072,0.006759471905402309,0.0004952379479624072,0.006759471905402309,,
qwen3_scaled_additional_binary,classification,profound_hyponatremia,brier,False,qwen3_depth8_deciles_unfused,qwen3_depth16_deciles_fused,47773,hospitalization_id,0.002706904994351051,0.002703490732058744,-3.4142622923069924e-06,3.4142622923069924e-06,-1.1971780328054363e-05,4.5480884332999805e-06,-4.5480884332999805e-06,1.1971780328054363e-05,,
qwen3_scaled_additional_binary,classification,profound_hyponatremia,ece_15,False,qwen3_depth8_deciles_unfused,qwen3_depth16_deciles_fused,47773,hospitalization_id,0.0022938809605378896,0.00188534398777842,-0.00040853697275946947,0.00040853697275946947,-0.0009653922147455466,0.00019974674586717357,-0.00019974674586717357,0.0009653922147455466,,
qwen3_scaled_additional_binary,classification,profound_hyponatremia,roc_auc,True,qwen3_depth8_deciles_fused,qwen3_depth16_deciles_unfused,47773,hospitalization_id,0.5365944059266433,0.4890915764790413,-0.047502829447602035,-0.047502829447602035,-0.1213788427888459,0.02394216941395864,-0.1213788427888459,0.02394216941395864,,
qwen3_scaled_additional_binary,classification,profound_hyponatremia,pr_auc,True,qwen3_depth8_deciles_fused,qwen3_depth16_deciles_unfused,47773,hospitalization_id,0.003447198510039917,0.002584170201946778,-0.0008630283080931387,-0.0008630283080931387,-0.0019941763175337795,-7.812977019532085e-05,-0.0019941763175337795,-7.812977019532085e-05,,
qwen3_scaled_additional_binary,classification,profound_hyponatremia,brier,False,qwen3_depth8_deciles_fused,qwen3_depth16_deciles_unfused,47773,hospitalization_id,0.002709572227934294,0.0027478035534653717,3.823132553107747e-05,-3.823132553107747e-05,3.0181027374588393e-05,4.713221615324197e-05,-4.713221615324197e-05,-3.0181027374588393e-05,,
qwen3_scaled_additional_binary,classification,profound_hyponatremia,ece_15,False,qwen3_depth8_deciles_fused,qwen3_depth16_deciles_unfused,47773,hospitalization_id,0.0019085552431997628,0.0031564032996722986,0.0012478480564725358,-0.0012478480564725358,0.0007327069725865817,0.00184448316023844,-0.00184448316023844,-0.0007327069725865817,,
qwen3_scaled_additional_binary,classification,profound_hyponatremia,roc_auc,True,qwen3_depth8_deciles_fused,qwen3_depth16_deciles_fused,47773,hospitalization_id,0.5365944059266433,0.5325654938207728,-0.00402891210587053,-0.00402891210587053,-0.068369306902406,0.05756017086069193,-0.068369306902406,0.05756017086069193,,
qwen3_scaled_additional_binary,classification,profound_hyponatremia,pr_auc,True,qwen3_depth8_deciles_fused,qwen3_depth16_deciles_fused,47773,hospitalization_id,0.003447198510039917,0.004716977396126325,0.0012697788860864083,0.0012697788860864083,-0.0002822929787297724,0.005685486203034845,-0.0002822929787297724,0.005685486203034845,,
qwen3_scaled_additional_binary,classification,profound_hyponatremia,brier,False,qwen3_depth8_deciles_fused,qwen3_depth16_deciles_fused,47773,hospitalization_id,0.002709572227934294,0.002703490732058744,-6.081495875550052e-06,6.081495875550052e-06,-1.4079675751975623e-05,1.4031668493528708e-06,-1.4031668493528708e-06,1.4079675751975623e-05,,
qwen3_scaled_additional_binary,classification,profound_hyponatremia,ece_15,False,qwen3_depth8_deciles_fused,qwen3_depth16_deciles_fused,47773,hospitalization_id,0.0019085552431997628,0.00188534398777842,-2.3211255421342692e-05,2.3211255421342692e-05,-0.0004588821162694364,0.0004882791269257636,-0.0004882791269257636,0.0004588821162694364,,
qwen3_scaled_additional_binary,classification,profound_hyponatremia,roc_auc,True,qwen3_depth16_deciles_unfused,qwen3_depth16_deciles_fused,47773,hospitalization_id,0.4890915764790413,0.5325654938207728,0.043473917341731505,0.043473917341731505,-0.03386354084540608,0.12010641097290073,-0.03386354084540608,0.12010641097290073,,
qwen3_scaled_additional_binary,classification,profound_hyponatremia,pr_auc,True,qwen3_depth16_deciles_unfused,qwen3_depth16_deciles_fused,47773,hospitalization_id,0.002584170201946778,0.004716977396126325,0.002132807194179547,0.002132807194179547,0.0005053226898961596,0.006780325766685425,0.0005053226898961596,0.006780325766685425,,
qwen3_scaled_additional_binary,classification,profound_hyponatremia,brier,False,qwen3_depth16_deciles_unfused,qwen3_depth16_deciles_fused,47773,hospitalization_id,0.0027478035534653717,0.002703490732058744,-4.431282140662752e-05,4.431282140662752e-05,-5.5762234188349146e-05,-3.374322340848489e-05,3.374322340848489e-05,5.5762234188349146e-05,,
qwen3_scaled_additional_binary,classification,profound_hyponatremia,ece_15,False,qwen3_depth16_deciles_unfused,qwen3_depth16_deciles_fused,47773,hospitalization_id,0.0031564032996722986,0.00188534398777842,-0.0012710593118938785,0.0012710593118938785,-0.001851062332030615,-0.000712600288123576,0.000712600288123576,0.001851062332030615,,
qwen3_scaled_additional_binary,classification,severe_anemia,roc_auc,True,qwen3_depth8_deciles_unfused,qwen3_depth8_deciles_fused,46844,hospitalization_id,0.4573391212657051,0.5883587234845964,0.1310196022188913,0.1310196022188913,0.11420731825782568,0.14720151552701569,0.11420731825782568,0.14720151552701569,,
qwen3_scaled_additional_binary,classification,severe_anemia,pr_auc,True,qwen3_depth8_deciles_unfused,qwen3_depth8_deciles_fused,46844,hospitalization_id,0.05571673946757197,0.09961897228730165,0.043902232819729686,0.043902232819729686,0.03763736915533758,0.05103924171522499,0.03763736915533758,0.05103924171522499,,
qwen3_scaled_additional_binary,classification,severe_anemia,brier,False,qwen3_depth8_deciles_unfused,qwen3_depth8_deciles_fused,46844,hospitalization_id,0.058167483788968126,0.05657686400820321,-0.0015906197807649125,0.0015906197807649125,-0.0018388615355596348,-0.0013436780449401805,0.0013436780449401805,0.0018388615355596348,,
qwen3_scaled_additional_binary,classification,severe_anemia,ece_15,False,qwen3_depth8_deciles_unfused,qwen3_depth8_deciles_fused,46844,hospitalization_id,0.027226784570827826,0.009243039847199246,-0.01798374472362858,0.01798374472362858,-0.020682546297309187,-0.014896316323822264,0.014896316323822264,0.020682546297309187,,
qwen3_scaled_additional_binary,classification,severe_anemia,roc_auc,True,qwen3_depth8_deciles_unfused,qwen3_depth16_deciles_unfused,46844,hospitalization_id,0.4573391212657051,0.48957237411774723,0.03223325285204215,0.03223325285204215,0.017944219584275403,0.046698511912569476,0.017944219584275403,0.046698511912569476,,
qwen3_scaled_additional_binary,classification,severe_anemia,pr_auc,True,qwen3_depth8_deciles_unfused,qwen3_depth16_deciles_unfused,46844,hospitalization_id,0.05571673946757197,0.060227803588707204,0.004511064121135236,0.004511064121135236,0.0017162196722876348,0.0073838313791950725,0.0017162196722876348,0.0073838313791950725,,
qwen3_scaled_additional_binary,classification,severe_anemia,brier,False,qwen3_depth8_deciles_unfused,qwen3_depth16_deciles_unfused,46844,hospitalization_id,0.058167483788968126,0.05750213849937338,-0.0006653452895947487,0.0006653452895947487,-0.0007850263042203252,-0.0005420574048762756,0.0005420574048762756,0.0007850263042203252,,
qwen3_scaled_additional_binary,classification,severe_anemia,ece_15,False,qwen3_depth8_deciles_unfused,qwen3_depth16_deciles_unfused,46844,hospitalization_id,0.027226784570827826,0.014575551949125602,-0.012651232621702225,0.012651232621702225,-0.015069881144184496,-0.009522627139009749,0.009522627139009749,0.015069881144184496,,
qwen3_scaled_additional_binary,classification,severe_anemia,roc_auc,True,qwen3_depth8_deciles_unfused,qwen3_depth16_deciles_fused,46844,hospitalization_id,0.4573391212657051,0.5877996759642898,0.13046055469858475,0.13046055469858475,0.11306612613314126,0.14670139660817233,0.11306612613314126,0.14670139660817233,,
qwen3_scaled_additional_binary,classification,severe_anemia,pr_auc,True,qwen3_depth8_deciles_unfused,qwen3_depth16_deciles_fused,46844,hospitalization_id,0.05571673946757197,0.10083809588708234,0.04512135641951037,0.04512135641951037,0.038775615087235406,0.052241479483488826,0.038775615087235406,0.052241479483488826,,
qwen3_scaled_additional_binary,classification,severe_anemia,brier,False,qwen3_depth8_deciles_unfused,qwen3_depth16_deciles_fused,46844,hospitalization_id,0.058167483788968126,0.05654353871912373,-0.0016239450698443958,0.0016239450698443958,-0.001872637180930944,-0.0013646595534681295,0.0013646595534681295,0.001872637180930944,,
qwen3_scaled_additional_binary,classification,severe_anemia,ece_15,False,qwen3_depth8_deciles_unfused,qwen3_depth16_deciles_fused,46844,hospitalization_id,0.027226784570827826,0.00919147103547998,-0.018035313535347847,0.018035313535347847,-0.0205714139278884,-0.014700518828677022,0.014700518828677022,0.0205714139278884,,
qwen3_scaled_additional_binary,classification,severe_anemia,roc_auc,True,qwen3_depth8_deciles_fused,qwen3_depth16_deciles_unfused,46844,hospitalization_id,0.5883587234845964,0.48957237411774723,-0.09878634936684916,-0.09878634936684916,-0.11515315228367072,-0.08276629138448668,-0.11515315228367072,-0.08276629138448668,,
qwen3_scaled_additional_binary,classification,severe_anemia,pr_auc,True,qwen3_depth8_deciles_fused,qwen3_depth16_deciles_unfused,46844,hospitalization_id,0.09961897228730165,0.060227803588707204,-0.03939116869859445,-0.03939116869859445,-0.04646474916688729,-0.033128700143070525,-0.04646474916688729,-0.033128700143070525,,
qwen3_scaled_additional_binary,classification,severe_anemia,brier,False,qwen3_depth8_deciles_fused,qwen3_depth16_deciles_unfused,46844,hospitalization_id,0.05657686400820321,0.05750213849937338,0.0009252744911701638,-0.0009252744911701638,0.0006845907619425924,0.0011653715162668313,-0.0011653715162668313,-0.0006845907619425924,,
qwen3_scaled_additional_binary,classification,severe_anemia,ece_15,False,qwen3_depth8_deciles_fused,qwen3_depth16_deciles_unfused,46844,hospitalization_id,0.009243039847199246,0.014575551949125602,0.0053325121019263556,-0.0053325121019263556,0.0027046191955626075,0.008337361658133615,-0.008337361658133615,-0.0027046191955626075,,
qwen3_scaled_additional_binary,classification,severe_anemia,roc_auc,True,qwen3_depth8_deciles_fused,qwen3_depth16_deciles_fused,46844,hospitalization_id,0.5883587234845964,0.5877996759642898,-0.0005590475203065548,-0.0005590475203065548,-0.010531759228772909,0.009861768315230751,-0.010531759228772909,0.009861768315230751,,
qwen3_scaled_additional_binary,classification,severe_anemia,pr_auc,True,qwen3_depth8_deciles_fused,qwen3_depth16_deciles_fused,46844,hospitalization_id,0.09961897228730165,0.10083809588708234,0.001219123599780686,0.001219123599780686,-0.0027441378614856396,0.0053959495855452205,-0.0027441378614856396,0.0053959495855452205,,
qwen3_scaled_additional_binary,classification,severe_anemia,brier,False,qwen3_depth8_deciles_fused,qwen3_depth16_deciles_fused,46844,hospitalization_id,0.05657686400820321,0.05654353871912373,-3.332528907948329e-05,3.332528907948329e-05,-0.00017723372506415775,0.00011373497006274581,-0.00011373497006274581,0.00017723372506415775,,
qwen3_scaled_additional_binary,classification,severe_anemia,ece_15,False,qwen3_depth8_deciles_fused,qwen3_depth16_deciles_fused,46844,hospitalization_id,0.009243039847199246,0.00919147103547998,-5.1568811719266555e-05,5.1568811719266555e-05,-0.002054705844172275,0.002179316252039927,-0.002179316252039927,0.002054705844172275,,
qwen3_scaled_additional_binary,classification,severe_anemia,roc_auc,True,qwen3_depth16_deciles_unfused,qwen3_depth16_deciles_fused,46844,hospitalization_id,0.48957237411774723,0.5877996759642898,0.0982273018465426,0.0982273018465426,0.0824869359022095,0.11435931607607644,0.0824869359022095,0.11435931607607644,,
qwen3_scaled_additional_binary,classification,severe_anemia,pr_auc,True,qwen3_depth16_deciles_unfused,qwen3_depth16_deciles_fused,46844,hospitalization_id,0.060227803588707204,0.10083809588708234,0.040610292298375136,0.040610292298375136,0.0341967393153883,0.047821331805082926,0.0341967393153883,0.047821331805082926,,
qwen3_scaled_additional_binary,classification,severe_anemia,brier,False,qwen3_depth16_deciles_unfused,qwen3_depth16_deciles_fused,46844,hospitalization_id,0.05750213849937338,0.05654353871912373,-0.0009585997802496471,0.0009585997802496471,-0.0012044221819986823,-0.0007053445443149908,0.0007053445443149908,0.0012044221819986823,,
qwen3_scaled_additional_binary,classification,severe_anemia,ece_15,False,qwen3_depth16_deciles_unfused,qwen3_depth16_deciles_fused,46844,hospitalization_id,0.014575551949125602,0.00919147103547998,-0.005384080913645622,0.005384080913645622,-0.008287817513517955,-0.002564332487542155,0.002564332487542155,0.008287817513517955,,
qwen3_scaled_additional_binary,classification,severe_hypernatremia,roc_auc,True,qwen3_depth8_deciles_unfused,qwen3_depth8_deciles_fused,47890,hospitalization_id,0.5421676996113259,0.6404249416789684,0.09825724206764241,0.09825724206764241,0.008836205702760017,0.18714519539514507,0.008836205702760017,0.18714519539514507,,
qwen3_scaled_additional_binary,classification,severe_hypernatremia,pr_auc,True,qwen3_depth8_deciles_unfused,qwen3_depth8_deciles_fused,47890,hospitalization_id,0.002219379082415702,0.005834533949344491,0.0036151548669287894,0.0036151548669287894,0.00019097530080660518,0.022958843786331614,0.00019097530080660518,0.022958843786331614,,
qwen3_scaled_additional_binary,classification,severe_hypernatremia,brier,False,qwen3_depth8_deciles_unfused,qwen3_depth8_deciles_fused,47890,hospitalization_id,0.0017914289655278505,0.001755176256867111,-3.625270866073954e-05,3.625270866073954e-05,-5.305934151592872e-05,-2.2106683132156147e-05,2.2106683132156147e-05,5.305934151592872e-05,,
qwen3_scaled_additional_binary,classification,severe_hypernatremia,ece_15,False,qwen3_depth8_deciles_unfused,qwen3_depth8_deciles_fused,47890,hospitalization_id,0.0017981888310855117,0.0009947199491394502,-0.0008034688819460614,0.0008034688819460614,-0.0011546508271458701,-0.00030656040724038637,0.00030656040724038637,0.0011546508271458701,,
qwen3_scaled_additional_binary,classification,severe_hypernatremia,roc_auc,True,qwen3_depth8_deciles_unfused,qwen3_depth16_deciles_unfused,47890,hospitalization_id,0.5421676996113259,0.48282966075188805,-0.05933803885943789,-0.05933803885943789,-0.1482438331805505,0.02634815278146691,-0.1482438331805505,0.02634815278146691,,
qwen3_scaled_additional_binary,classification,severe_hypernatremia,pr_auc,True,qwen3_depth8_deciles_unfused,qwen3_depth16_deciles_unfused,47890,hospitalization_id,0.002219379082415702,0.0018422816611317642,-0.0003770974212839377,-0.0003770974212839377,-0.0012588445357533185,0.0005460723376145326,-0.0012588445357533185,0.0005460723376145326,,
qwen3_scaled_additional_binary,classification,severe_hypernatremia,brier,False,qwen3_depth8_deciles_unfused,qwen3_depth16_deciles_unfused,47890,hospitalization_id,0.0017914289655278505,0.001803635592294561,1.2206626766710646e-05,-1.2206626766710646e-05,-1.638561625519815e-05,5.1982402129933164e-05,-5.1982402129933164e-05,1.638561625519815e-05,,
qwen3_scaled_additional_binary,classification,severe_hypernatremia,ece_15,False,qwen3_depth8_deciles_unfused,qwen3_depth16_deciles_unfused,47890,hospitalization_id,0.0017981888310855117,0.001953955124429213,0.00015576629334370122,-0.00015576629334370122,-0.00015917003439450087,0.0004464229151368047,-0.0004464229151368047,0.00015917003439450087,,
qwen3_scaled_additional_binary,classification,severe_hypernatremia,roc_auc,True,qwen3_depth8_deciles_unfused,qwen3_depth16_deciles_fused,47890,hospitalization_id,0.5421676996113259,0.6687318089181872,0.12656410930686124,0.12656410930686124,0.0411221470077799,0.21404586095568046,0.0411221470077799,0.21404586095568046,,
qwen3_scaled_additional_binary,classification,severe_hypernatremia,pr_auc,True,qwen3_depth8_deciles_unfused,qwen3_depth16_deciles_fused,47890,hospitalization_id,0.002219379082415702,0.00914403469542022,0.006924655613004519,0.006924655613004519,0.0009760192137636931,0.03545184029426957,0.0009760192137636931,0.03545184029426957,,
qwen3_scaled_additional_binary,classification,severe_hypernatremia,brier,False,qwen3_depth8_deciles_unfused,qwen3_depth16_deciles_fused,47890,hospitalization_id,0.0017914289655278505,0.0017502542835926033,-4.1174681935247145e-05,4.1174681935247145e-05,-6.230396748960333e-05,-2.3371111763985362e-05,2.3371111763985362e-05,6.230396748960333e-05,,
qwen3_scaled_additional_binary,classification,severe_hypernatremia,ece_15,False,qwen3_depth8_deciles_unfused,qwen3_depth16_deciles_fused,47890,hospitalization_id,0.0017981888310855117,0.00086353705238182,-0.0009346517787036917,0.0009346517787036917,-0.0012890134956974463,-0.0004243721761280315,0.0004243721761280315,0.0012890134956974463,,
qwen3_scaled_additional_binary,classification,severe_hypernatremia,roc_auc,True,qwen3_depth8_deciles_fused,qwen3_depth16_deciles_unfused,47890,hospitalization_id,0.6404249416789684,0.48282966075188805,-0.1575952809270803,-0.1575952809270803,-0.24975908742639868,-0.06309114166259844,-0.24975908742639868,-0.06309114166259844,,
qwen3_scaled_additional_binary,classification,severe_hypernatremia,pr_auc,True,qwen3_depth8_deciles_fused,qwen3_depth16_deciles_unfused,47890,hospitalization_id,0.005834533949344491,0.0018422816611317642,-0.003992252288212727,-0.003992252288212727,-0.023440292297733367,-0.0008070320514030831,-0.023440292297733367,-0.0008070320514030831,,
qwen3_scaled_additional_binary,classification,severe_hypernatremia,brier,False,qwen3_depth8_deciles_fused,qwen3_depth16_deciles_unfused,47890,hospitalization_id,0.001755176256867111,0.001803635592294561,4.8459335427450184e-05,-4.8459335427450184e-05,2.0969852593297586e-05,8.71842500906869e-05,-8.71842500906869e-05,-2.0969852593297586e-05,,
qwen3_scaled_additional_binary,classification,severe_hypernatremia,ece_15,False,qwen3_depth8_deciles_fused,qwen3_depth16_deciles_unfused,47890,hospitalization_id,0.0009947199491394502,0.001953955124429213,0.0009592351752897626,-0.0009592351752897626,0.0005121812418622998,0.0012772919615635584,-0.0012772919615635584,-0.0005121812418622998,,
qwen3_scaled_additional_binary,classification,severe_hypernatremia,roc_auc,True,qwen3_depth8_deciles_fused,qwen3_depth16_deciles_fused,47890,hospitalization_id,0.6404249416789684,0.6687318089181872,0.028306867239218825,0.028306867239218825,-0.036982205928782104,0.0942247958409037,-0.036982205928782104,0.0942247958409037,,
qwen3_scaled_additional_binary,classification,severe_hypernatremia,pr_auc,True,qwen3_depth8_deciles_fused,qwen3_depth16_deciles_fused,47890,hospitalization_id,0.005834533949344491,0.00914403469542022,0.003309500746075729,0.003309500746075729,-0.0015775389832167676,0.018284384618275615,-0.0015775389832167676,0.018284384618275615,,
qwen3_scaled_additional_binary,classification,severe_hypernatremia,brier,False,qwen3_depth8_deciles_fused,qwen3_depth16_deciles_fused,47890,hospitalization_id,0.001755176256867111,0.0017502542835926033,-4.921973274507607e-06,4.921973274507607e-06,-1.4141723760636949e-05,3.874446271469593e-06,-3.874446271469593e-06,1.4141723760636949e-05,,
qwen3_scaled_additional_binary,classification,severe_hypernatremia,ece_15,False,qwen3_depth8_deciles_fused,qwen3_depth16_deciles_fused,47890,hospitalization_id,0.0009947199491394502,0.00086353705238182,-0.00013118289675763026,0.00013118289675763026,-0.00046737741649728647,0.00022259170717839295,-0.00022259170717839295,0.00046737741649728647,,
qwen3_scaled_additional_binary,classification,severe_hypernatremia,roc_auc,True,qwen3_depth16_deciles_unfused,qwen3_depth16_deciles_fused,47890,hospitalization_id,0.48282966075188805,0.6687318089181872,0.18590214816629913,0.18590214816629913,0.09735558881483511,0.27152744212351654,0.09735558881483511,0.27152744212351654,,
qwen3_scaled_additional_binary,classification,severe_hypernatremia,pr_auc,True,qwen3_depth16_deciles_unfused,qwen3_depth16_deciles_fused,47890,hospitalization_id,0.0018422816611317642,0.00914403469542022,0.007301753034288456,0.007301753034288456,0.0015538086797823546,0.03571533645941766,0.0015538086797823546,0.03571533645941766,,
qwen3_scaled_additional_binary,classification,severe_hypernatremia,brier,False,qwen3_depth16_deciles_unfused,qwen3_depth16_deciles_fused,47890,hospitalization_id,0.001803635592294561,0.0017502542835926033,-5.338130870195779e-05,5.338130870195779e-05,-9.404009589354168e-05,-2.366429343407994e-05,2.366429343407994e-05,9.404009589354168e-05,,
qwen3_scaled_additional_binary,classification,severe_hypernatremia,ece_15,False,qwen3_depth16_deciles_unfused,qwen3_depth16_deciles_fused,47890,hospitalization_id,0.001953955124429213,0.00086353705238182,-0.001090418072047393,0.001090418072047393,-0.0014056056698065573,-0.000621068667300558,0.000621068667300558,0.0014056056698065573,,
qwen3_scaled_additional_binary,classification,severe_hypertension,roc_auc,True,qwen3_depth8_deciles_unfused,qwen3_depth8_deciles_fused,9647,hospitalization_id,0.4829266433650192,0.5919672314749569,0.10904058810993766,0.10904058810993766,0.09019584962861764,0.1289543568875845,0.09019584962861764,0.1289543568875845,,
qwen3_scaled_additional_binary,classification,severe_hypertension,pr_auc,True,qwen3_depth8_deciles_unfused,qwen3_depth8_deciles_fused,9647,hospitalization_id,0.2037586125818434,0.27580822240969577,0.07204960982785236,0.07204960982785236,0.057948548466051464,0.08747333504469333,0.057948548466051464,0.08747333504469333,,
qwen3_scaled_additional_binary,classification,severe_hypertension,brier,False,qwen3_depth8_deciles_unfused,qwen3_depth8_deciles_fused,9647,hospitalization_id,0.17164298744439851,0.16335800540673315,-0.008284982037665367,0.008284982037665367,-0.010035846792911425,-0.0066270293025240045,0.0066270293025240045,0.010035846792911425,,
qwen3_scaled_additional_binary,classification,severe_hypertension,ece_15,False,qwen3_depth8_deciles_unfused,qwen3_depth8_deciles_fused,9647,hospitalization_id,0.06366776446762258,0.021822890426406918,-0.04184487404121566,0.04184487404121566,-0.04909327311169568,-0.028133387439931913,0.028133387439931913,0.04909327311169568,,
qwen3_scaled_additional_binary,classification,severe_hypertension,roc_auc,True,qwen3_depth8_deciles_unfused,qwen3_depth16_deciles_unfused,9647,hospitalization_id,0.4829266433650192,0.4822419565502569,-0.0006846868147623031,-0.0006846868147623031,-0.020309219933056316,0.018509270056332936,-0.020309219933056316,0.018509270056332936,,
qwen3_scaled_additional_binary,classification,severe_hypertension,pr_auc,True,qwen3_depth8_deciles_unfused,qwen3_depth16_deciles_unfused,9647,hospitalization_id,0.2037586125818434,0.2053708026280452,0.001612190046201778,0.001612190046201778,-0.009308018956752932,0.013032388454757482,-0.009308018956752932,0.013032388454757482,,
qwen3_scaled_additional_binary,classification,severe_hypertension,brier,False,qwen3_depth8_deciles_unfused,qwen3_depth16_deciles_unfused,9647,hospitalization_id,0.17164298744439851,0.17202560866186797,0.00038262121746945876,-0.00038262121746945876,-0.0012375489350874458,0.0019503214693565001,-0.0019503214693565001,0.0012375489350874458,,
qwen3_scaled_additional_binary,classification,severe_hypertension,ece_15,False,qwen3_depth8_deciles_unfused,qwen3_depth16_deciles_unfused,9647,hospitalization_id,0.06366776446762258,0.06353085907198085,-0.00013690539564173432,0.00013690539564173432,-0.00965673373352363,0.010805872574516883,-0.010805872574516883,0.00965673373352363,,
qwen3_scaled_additional_binary,classification,severe_hypertension,roc_auc,True,qwen3_depth8_deciles_unfused,qwen3_depth16_deciles_fused,9647,hospitalization_id,0.4829266433650192,0.5868421264127337,0.10391548304771447,0.10391548304771447,0.08473444948128472,0.12433147804835831,0.08473444948128472,0.12433147804835831,,
qwen3_scaled_additional_binary,classification,severe_hypertension,pr_auc,True,qwen3_depth8_deciles_unfused,qwen3_depth16_deciles_fused,9647,hospitalization_id,0.2037586125818434,0.2625518040548528,0.058793191473009376,0.058793191473009376,0.04534459956650185,0.0737611280458516,0.04534459956650185,0.0737611280458516,,
qwen3_scaled_additional_binary,classification,severe_hypertension,brier,False,qwen3_depth8_deciles_unfused,qwen3_depth16_deciles_fused,9647,hospitalization_id,0.17164298744439851,0.16483201035433348,-0.006810977090065035,0.006810977090065035,-0.008660392877964832,-0.005012683851731056,0.005012683851731056,0.008660392877964832,,
qwen3_scaled_additional_binary,classification,severe_hypertension,ece_15,False,qwen3_depth8_deciles_unfused,qwen3_depth16_deciles_fused,9647,hospitalization_id,0.06366776446762258,0.030882582986221013,-0.03278518148140157,0.03278518148140157,-0.04266834776232626,-0.02060379617480785,0.02060379617480785,0.04266834776232626,,
qwen3_scaled_additional_binary,classification,severe_hypertension,roc_auc,True,qwen3_depth8_deciles_fused,qwen3_depth16_deciles_unfused,9647,hospitalization_id,0.5919672314749569,0.4822419565502569,-0.10972527492469997,-0.10972527492469997,-0.13076597924346392,-0.08844553435952224,-0.13076597924346392,-0.08844553435952224,,
qwen3_scaled_additional_binary,classification,severe_hypertension,pr_auc,True,qwen3_depth8_deciles_fused,qwen3_depth16_deciles_unfused,9647,hospitalization_id,0.27580822240969577,0.2053708026280452,-0.07043741978165058,-0.07043741978165058,-0.08621237591758528,-0.054896321465679944,-0.08621237591758528,-0.054896321465679944,,
qwen3_scaled_additional_binary,classification,severe_hypertension,brier,False,qwen3_depth8_deciles_fused,qwen3_depth16_deciles_unfused,9647,hospitalization_id,0.16335800540673315,0.17202560866186797,0.008667603255134826,-0.008667603255134826,0.006761002265005582,0.010535097451588267,-0.010535097451588267,-0.006761002265005582,,
qwen3_scaled_additional_binary,classification,severe_hypertension,ece_15,False,qwen3_depth8_deciles_fused,qwen3_depth16_deciles_unfused,9647,hospitalization_id,0.021822890426406918,0.06353085907198085,0.041707968645573926,-0.041707968645573926,0.02819102250582965,0.049557123182861505,-0.049557123182861505,-0.02819102250582965,,
qwen3_scaled_additional_binary,classification,severe_hypertension,roc_auc,True,qwen3_depth8_deciles_fused,qwen3_depth16_deciles_fused,9647,hospitalization_id,0.5919672314749569,0.5868421264127337,-0.00512510506222319,-0.00512510506222319,-0.018712467717291244,0.007170568967691946,-0.018712467717291244,0.007170568967691946,,
qwen3_scaled_additional_binary,classification,severe_hypertension,pr_auc,True,qwen3_depth8_deciles_fused,qwen3_depth16_deciles_fused,9647,hospitalization_id,0.27580822240969577,0.2625518040548528,-0.01325641835484298,-0.01325641835484298,-0.026944431198504978,0.00011784064545536583,-0.026944431198504978,0.00011784064545536583,,
qwen3_scaled_additional_binary,classification,severe_hypertension,brier,False,qwen3_depth8_deciles_fused,qwen3_depth16_deciles_fused,9647,hospitalization_id,0.16335800540673315,0.16483201035433348,0.0014740049476003325,-0.0014740049476003325,0.0001566670044672057,0.002893912389804387,-0.002893912389804387,-0.0001566670044672057,,
qwen3_scaled_additional_binary,classification,severe_hypertension,ece_15,False,qwen3_depth8_deciles_fused,qwen3_depth16_deciles_fused,9647,hospitalization_id,0.021822890426406918,0.030882582986221013,0.009059692559814096,-0.009059692559814096,-0.001445666909906207,0.015388797421476624,-0.015388797421476624,0.001445666909906207,,
qwen3_scaled_additional_binary,classification,severe_hypertension,roc_auc,True,qwen3_depth16_deciles_unfused,qwen3_depth16_deciles_fused,9647,hospitalization_id,0.4822419565502569,0.5868421264127337,0.10460016986247678,0.10460016986247678,0.0836559522177193,0.12558302682866299,0.0836559522177193,0.12558302682866299,,
qwen3_scaled_additional_binary,classification,severe_hypertension,pr_auc,True,qwen3_depth16_deciles_unfused,qwen3_depth16_deciles_fused,9647,hospitalization_id,0.2053708026280452,0.2625518040548528,0.0571810014268076,0.0571810014268076,0.04214920335720798,0.07264455458971358,0.04214920335720798,0.07264455458971358,,
qwen3_scaled_additional_binary,classification,severe_hypertension,brier,False,qwen3_depth16_deciles_unfused,qwen3_depth16_deciles_fused,9647,hospitalization_id,0.17202560866186797,0.16483201035433348,-0.007193598307534493,0.007193598307534493,-0.00918248444094668,-0.0052074496082856365,0.0052074496082856365,0.00918248444094668,,
qwen3_scaled_additional_binary,classification,severe_hypertension,ece_15,False,qwen3_depth16_deciles_unfused,qwen3_depth16_deciles_fused,9647,hospitalization_id,0.06353085907198085,0.030882582986221013,-0.032648276085759834,0.032648276085759834,-0.04203988907363001,-0.02102034761065049,0.02102034761065049,0.04203988907363001,,
qwen3_scaled_additional_binary,classification,severe_hypokalemia,roc_auc,True,qwen3_depth8_deciles_unfused,qwen3_depth8_deciles_fused,47948,hospitalization_id,0.48400035420080434,0.6153956703823362,0.13139531618153188,0.13139531618153188,0.06603113389475325,0.20189236026095556,0.06603113389475325,0.20189236026095556,,
qwen3_scaled_additional_binary,classification,severe_hypokalemia,pr_auc,True,qwen3_depth8_deciles_unfused,qwen3_depth8_deciles_fused,47948,hospitalization_id,0.003133006228458344,0.005738001634900718,0.0026049954064423743,0.0026049954064423743,0.0006956083037306458,0.00510376030072196,0.0006956083037306458,0.00510376030072196,,
qwen3_scaled_additional_binary,classification,severe_hypokalemia,brier,False,qwen3_depth8_deciles_unfused,qwen3_depth8_deciles_fused,47948,hospitalization_id,0.003096925568055596,0.0030491651600005848,-4.776040805501121e-05,4.776040805501121e-05,-6.400036229963937e-05,-3.181495437523136e-05,3.181495437523136e-05,6.400036229963937e-05,,
qwen3_scaled_additional_binary,classification,severe_hypokalemia,ece_15,False,qwen3_depth8_deciles_unfused,qwen3_depth8_deciles_fused,47948,hospitalization_id,0.0033459770554711502,0.0015567342114161532,-0.001789242844054997,0.001789242844054997,-0.00228667660680672,-0.0010188493499757993,0.0010188493499757993,0.00228667660680672,,
qwen3_scaled_additional_binary,classification,severe_hypokalemia,roc_auc,True,qwen3_depth8_deciles_unfused,qwen3_depth16_deciles_unfused,47948,hospitalization_id,0.48400035420080434,0.49492828006852463,0.01092792586772029,0.01092792586772029,-0.05028719386248226,0.0768451711089518,-0.05028719386248226,0.0768451711089518,,
qwen3_scaled_additional_binary,classification,severe_hypokalemia,pr_auc,True,qwen3_depth8_deciles_unfused,qwen3_depth16_deciles_unfused,47948,hospitalization_id,0.003133006228458344,0.003502694308125348,0.00036968807966700386,0.00036968807966700386,-0.001211234550370734,0.003389774351831317,-0.001211234550370734,0.003389774351831317,,
qwen3_scaled_additional_binary,classification,severe_hypokalemia,brier,False,qwen3_depth8_deciles_unfused,qwen3_depth16_deciles_unfused,47948,hospitalization_id,0.003096925568055596,0.003043138650625075,-5.378691743052099e-05,5.378691743052099e-05,-6.767616031690697e-05,-3.997031725491128e-05,3.997031725491128e-05,6.767616031690697e-05,,
qwen3_scaled_additional_binary,classification,severe_hypokalemia,ece_15,False,qwen3_depth8_deciles_unfused,qwen3_depth16_deciles_unfused,47948,hospitalization_id,0.0033459770554711502,0.002379371853980442,-0.0009666052014907084,0.0009666052014907084,-0.001572222362102746,-0.0004078575583720618,0.0004078575583720618,0.001572222362102746,,
qwen3_scaled_additional_binary,classification,severe_hypokalemia,roc_auc,True,qwen3_depth8_deciles_unfused,qwen3_depth16_deciles_fused,47948,hospitalization_id,0.48400035420080434,0.6008327444315107,0.11683239023070635,0.11683239023070635,0.04944529445898179,0.1878082726847181,0.04944529445898179,0.1878082726847181,,
qwen3_scaled_additional_binary,classification,severe_hypokalemia,pr_auc,True,qwen3_depth8_deciles_unfused,qwen3_depth16_deciles_fused,47948,hospitalization_id,0.003133006228458344,0.0069357235969791506,0.0038027173685208065,0.0038027173685208065,0.0011843226676923862,0.010309343297272917,0.0011843226676923862,0.010309343297272917,,
qwen3_scaled_additional_binary,classification,severe_hypokalemia,brier,False,qwen3_depth8_deciles_unfused,qwen3_depth16_deciles_fused,47948,hospitalization_id,0.003096925568055596,0.003042563496688657,-5.436207136693891e-05,5.436207136693891e-05,-7.243976929518334e-05,-3.742407641439852e-05,3.742407641439852e-05,7.243976929518334e-05,,
qwen3_scaled_additional_binary,classification,severe_hypokalemia,ece_15,False,qwen3_depth8_deciles_unfused,qwen3_depth16_deciles_fused,47948,hospitalization_id,0.0033459770554711502,0.0015625529971786726,-0.0017834240582924776,0.0017834240582924776,-0.0022351788418461947,-0.001073813229993815,0.001073813229993815,0.0022351788418461947,,
qwen3_scaled_additional_binary,classification,severe_hypokalemia,roc_auc,True,qwen3_depth8_deciles_fused,qwen3_depth16_deciles_unfused,47948,hospitalization_id,0.6153956703823362,0.49492828006852463,-0.1204673903138116,-0.1204673903138116,-0.18604052845527244,-0.052777015273470014,-0.18604052845527244,-0.052777015273470014,,
qwen3_scaled_additional_binary,classification,severe_hypokalemia,pr_auc,True,qwen3_depth8_deciles_fused,qwen3_depth16_deciles_unfused,47948,hospitalization_id,0.005738001634900718,0.003502694308125348,-0.0022353073267753704,-0.0022353073267753704,-0.004495248953574205,0.001329073868816388,-0.004495248953574205,0.001329073868816388,,
qwen3_scaled_additional_binary,classification,severe_hypokalemia,brier,False,qwen3_depth8_deciles_fused,qwen3_depth16_deciles_unfused,47948,hospitalization_id,0.0030491651600005848,0.003043138650625075,-6.026509375509775e-06,6.026509375509775e-06,-1.43756512943627e-05,2.622863864571789e-06,-2.622863864571789e-06,1.43756512943627e-05,,
qwen3_scaled_additional_binary,classification,severe_hypokalemia,ece_15,False,qwen3_depth8_deciles_fused,qwen3_depth16_deciles_unfused,47948,hospitalization_id,0.0015567342114161532,0.002379371853980442,0.0008226376425642886,-0.0008226376425642886,6.68368145240812e-05,0.0013001511511771965,-0.0013001511511771965,-6.68368145240812e-05,,
qwen3_scaled_additional_binary,classification,severe_hypokalemia,roc_auc,True,qwen3_depth8_deciles_fused,qwen3_depth16_deciles_fused,47948,hospitalization_id,0.6153956703823362,0.6008327444315107,-0.014562925950825534,-0.014562925950825534,-0.06340736823211957,0.03580336185120959,-0.06340736823211957,0.03580336185120959,,
qwen3_scaled_additional_binary,classification,severe_hypokalemia,pr_auc,True,qwen3_depth8_deciles_fused,qwen3_depth16_deciles_fused,47948,hospitalization_id,0.005738001634900718,0.0069357235969791506,0.0011977219620784322,0.0011977219620784322,-0.001191407132456046,0.007377628382109632,-0.001191407132456046,0.007377628382109632,,
qwen3_scaled_additional_binary,classification,severe_hypokalemia,brier,False,qwen3_depth8_deciles_fused,qwen3_depth16_deciles_fused,47948,hospitalization_id,0.0030491651600005848,0.003042563496688657,-6.601663311927696e-06,6.601663311927696e-06,-1.8551703826607983e-05,3.6344542531722074e-06,-3.6344542531722074e-06,1.8551703826607983e-05,,
qwen3_scaled_additional_binary,classification,severe_hypokalemia,ece_15,False,qwen3_depth8_deciles_fused,qwen3_depth16_deciles_fused,47948,hospitalization_id,0.0015567342114161532,0.0015625529971786726,5.818785762519386e-06,-5.818785762519386e-06,-0.0004405222301820943,0.0004700384292805562,-0.0004700384292805562,0.0004405222301820943,,
qwen3_scaled_additional_binary,classification,severe_hypokalemia,roc_auc,True,qwen3_depth16_deciles_unfused,qwen3_depth16_deciles_fused,47948,hospitalization_id,0.49492828006852463,0.6008327444315107,0.10590446436298606,0.10590446436298606,0.039527750522680476,0.16954279552118515,0.039527750522680476,0.16954279552118515,,
qwen3_scaled_additional_binary,classification,severe_hypokalemia,pr_auc,True,qwen3_depth16_deciles_unfused,qwen3_depth16_deciles_fused,47948,hospitalization_id,0.003502694308125348,0.0069357235969791506,0.0034330292888538026,0.0034330292888538026,-0.0002454923297499156,0.009741665683996564,-0.0002454923297499156,0.009741665683996564,,
qwen3_scaled_additional_binary,classification,severe_hypokalemia,brier,False,qwen3_depth16_deciles_unfused,qwen3_depth16_deciles_fused,47948,hospitalization_id,0.003043138650625075,0.003042563496688657,-5.751539364179208e-07,5.751539364179208e-07,-1.2666871853343796e-05,1.0372990678309044e-05,-1.0372990678309044e-05,1.2666871853343796e-05,,
qwen3_scaled_additional_binary,classification,severe_hypokalemia,ece_15,False,qwen3_depth16_deciles_unfused,qwen3_depth16_deciles_fused,47948,hospitalization_id,0.002379371853980442,0.0015625529971786726,-0.0008168188568017693,0.0008168188568017693,-0.0012529296672931895,-7.466256393209949e-05,7.466256393209949e-05,0.0012529296672931895,,
qwen3_scaled_additional_binary,classification,tachycardia_hr130,roc_auc,True,qwen3_depth8_deciles_unfused,qwen3_depth8_deciles_fused,9933,hospitalization_id,0.45915081039875,0.5753895019221886,0.11623869152343863,0.11623869152343863,0.09412231400058489,0.1374080342080385,0.09412231400058489,0.1374080342080385,,
qwen3_scaled_additional_binary,classification,tachycardia_hr130,pr_auc,True,qwen3_depth8_deciles_unfused,qwen3_depth8_deciles_fused,9933,hospitalization_id,0.13883893281868898,0.1894825852947486,0.05064365247605962,0.05064365247605962,0.03881597680753449,0.06425838036652155,0.03881597680753449,0.06425838036652155,,
qwen3_scaled_additional_binary,classification,tachycardia_hr130,brier,False,qwen3_depth8_deciles_unfused,qwen3_depth8_deciles_fused,9933,hospitalization_id,0.13486657690800102,0.129006034022262,-0.005860542885739034,0.005860542885739034,-0.007324563183436737,-0.0043612038294373635,0.0043612038294373635,0.007324563183436737,,
qwen3_scaled_additional_binary,classification,tachycardia_hr130,ece_15,False,qwen3_depth8_deciles_unfused,qwen3_depth8_deciles_fused,9933,hospitalization_id,0.06831026310260896,0.030841662227889765,-0.03746860087471919,0.03746860087471919,-0.045405328200440104,-0.027229169606775884,0.027229169606775884,0.045405328200440104,,
qwen3_scaled_additional_binary,classification,tachycardia_hr130,roc_auc,True,qwen3_depth8_deciles_unfused,qwen3_depth16_deciles_unfused,9933,hospitalization_id,0.45915081039875,0.48324135204448676,0.024090541645736763,0.024090541645736763,0.00192430840686558,0.044205130188843034,0.00192430840686558,0.044205130188843034,,
qwen3_scaled_additional_binary,classification,tachycardia_hr130,pr_auc,True,qwen3_depth8_deciles_unfused,qwen3_depth16_deciles_unfused,9933,hospitalization_id,0.13883893281868898,0.14416251867874452,0.005323585860055546,0.005323585860055546,-0.0033094875759081604,0.013960495981621291,-0.0033094875759081604,0.013960495981621291,,
qwen3_scaled_additional_binary,classification,tachycardia_hr130,brier,False,qwen3_depth8_deciles_unfused,qwen3_depth16_deciles_unfused,9933,hospitalization_id,0.13486657690800102,0.13433703442981004,-0.0005295424781909808,0.0005295424781909808,-0.0017965486006514167,0.0007656446843132007,-0.0007656446843132007,0.0017965486006514167,,
qwen3_scaled_additional_binary,classification,tachycardia_hr130,ece_15,False,qwen3_depth8_deciles_unfused,qwen3_depth16_deciles_unfused,9933,hospitalization_id,0.06831026310260896,0.05585403513289122,-0.012456227969717737,0.012456227969717737,-0.018469704382705593,-0.0012209647136203294,0.0012209647136203294,0.018469704382705593,,
qwen3_scaled_additional_binary,classification,tachycardia_hr130,roc_auc,True,qwen3_depth8_deciles_unfused,qwen3_depth16_deciles_fused,9933,hospitalization_id,0.45915081039875,0.5743059043878403,0.11515509398909035,0.11515509398909035,0.09182410152713344,0.13699401481885048,0.09182410152713344,0.13699401481885048,,
qwen3_scaled_additional_binary,classification,tachycardia_hr130,pr_auc,True,qwen3_depth8_deciles_unfused,qwen3_depth16_deciles_fused,9933,hospitalization_id,0.13883893281868898,0.1852072597896782,0.04636832697098922,0.04636832697098922,0.03432756469065649,0.0581517325637509,0.03432756469065649,0.0581517325637509,,
qwen3_scaled_additional_binary,classification,tachycardia_hr130,brier,False,qwen3_depth8_deciles_unfused,qwen3_depth16_deciles_fused,9933,hospitalization_id,0.13486657690800102,0.1291405645873941,-0.0057260123206069324,0.0057260123206069324,-0.007160260383976298,-0.004257360913214723,0.004257360913214723,0.007160260383976298,,
qwen3_scaled_additional_binary,classification,tachycardia_hr130,ece_15,False,qwen3_depth8_deciles_unfused,qwen3_depth16_deciles_fused,9933,hospitalization_id,0.06831026310260896,0.026016236808824554,-0.042294026293784405,0.042294026293784405,-0.047323772983798355,-0.029585000057598204,0.029585000057598204,0.047323772983798355,,
qwen3_scaled_additional_binary,classification,tachycardia_hr130,roc_auc,True,qwen3_depth8_deciles_fused,qwen3_depth16_deciles_unfused,9933,hospitalization_id,0.5753895019221886,0.48324135204448676,-0.09214814987770187,-0.09214814987770187,-0.1148149655619933,-0.07011562570916881,-0.1148149655619933,-0.07011562570916881,,
qwen3_scaled_additional_binary,classification,tachycardia_hr130,pr_auc,True,qwen3_depth8_deciles_fused,qwen3_depth16_deciles_unfused,9933,hospitalization_id,0.1894825852947486,0.14416251867874452,-0.04532006661600407,-0.04532006661600407,-0.059324308620578796,-0.03334600217606197,-0.059324308620578796,-0.03334600217606197,,
qwen3_scaled_additional_binary,classification,tachycardia_hr130,brier,False,qwen3_depth8_deciles_fused,qwen3_depth16_deciles_unfused,9933,hospitalization_id,0.129006034022262,0.13433703442981004,0.005331000407548053,-0.005331000407548053,0.003839021792547912,0.006935450399203934,-0.006935450399203934,-0.003839021792547912,,
qwen3_scaled_additional_binary,classification,tachycardia_hr130,ece_15,False,qwen3_depth8_deciles_fused,qwen3_depth16_deciles_unfused,9933,hospitalization_id,0.030841662227889765,0.05585403513289122,0.025012372905001457,-0.025012372905001457,0.01747483244928159,0.03558771372552366,-0.03558771372552366,-0.01747483244928159,,
qwen3_scaled_additional_binary,classification,tachycardia_hr130,roc_auc,True,qwen3_depth8_deciles_fused,qwen3_depth16_deciles_fused,9933,hospitalization_id,0.5753895019221886,0.5743059043878403,-0.0010835975343482795,-0.0010835975343482795,-0.016041985897779103,0.01387062560359101,-0.016041985897779103,0.01387062560359101,,
qwen3_scaled_additional_binary,classification,tachycardia_hr130,pr_auc,True,qwen3_depth8_deciles_fused,qwen3_depth16_deciles_fused,9933,hospitalization_id,0.1894825852947486,0.1852072597896782,-0.004275325505070399,-0.004275325505070399,-0.015905367629003554,0.005986100963188394,-0.015905367629003554,0.005986100963188394,,
qwen3_scaled_additional_binary,classification,tachycardia_hr130,brier,False,qwen3_depth8_deciles_fused,qwen3_depth16_deciles_fused,9933,hospitalization_id,0.129006034022262,0.1291405645873941,0.0001345305651321016,-0.0001345305651321016,-0.0009198878644149172,0.0012258609193505998,-0.0012258609193505998,0.0009198878644149172,,
qwen3_scaled_additional_binary,classification,tachycardia_hr130,ece_15,False,qwen3_depth8_deciles_fused,qwen3_depth16_deciles_fused,9933,hospitalization_id,0.030841662227889765,0.026016236808824554,-0.004825425419065211,0.004825425419065211,-0.00894131082700303,0.0049585114560074615,-0.0049585114560074615,0.00894131082700303,,
qwen3_scaled_additional_binary,classification,tachycardia_hr130,roc_auc,True,qwen3_depth16_deciles_unfused,qwen3_depth16_deciles_fused,9933,hospitalization_id,0.48324135204448676,0.5743059043878403,0.09106455234335359,0.09106455234335359,0.067563272092635,0.11493164780801658,0.067563272092635,0.11493164780801658,,
qwen3_scaled_additional_binary,classification,tachycardia_hr130,pr_auc,True,qwen3_depth16_deciles_unfused,qwen3_depth16_deciles_fused,9933,hospitalization_id,0.14416251867874452,0.1852072597896782,0.041044741110933675,0.041044741110933675,0.029344597544971658,0.052757728994745914,0.029344597544971658,0.052757728994745914,,
qwen3_scaled_additional_binary,classification,tachycardia_hr130,brier,False,qwen3_depth16_deciles_unfused,qwen3_depth16_deciles_fused,9933,hospitalization_id,0.13433703442981004,0.1291405645873941,-0.005196469842415952,0.005196469842415952,-0.006695250299761845,-0.0037015728561775063,0.0037015728561775063,0.006695250299761845,,
qwen3_scaled_additional_binary,classification,tachycardia_hr130,ece_15,False,qwen3_depth16_deciles_unfused,qwen3_depth16_deciles_fused,9933,hospitalization_id,0.05585403513289122,0.026016236808824554,-0.029837798324066668,0.029837798324066668,-0.03715032007215769,-0.01933221622326474,0.01933221622326474,0.03715032007215769,,
qwen3_scaled_additional_binary,classification,vasopressor_initiation,roc_auc,True,qwen3_depth8_deciles_unfused,qwen3_depth8_deciles_fused,61647,hospitalization_id,0.49428694986860056,0.7001605260560357,0.20587357618743518,0.20587357618743518,0.18322742176101192,0.2268437404030306,0.18322742176101192,0.2268437404030306,,
qwen3_scaled_additional_binary,classification,vasopressor_initiation,pr_auc,True,qwen3_depth8_deciles_unfused,qwen3_depth8_deciles_fused,61647,hospitalization_id,0.02391987589323346,0.09651493589635472,0.07259506000312127,0.07259506000312127,0.06304891509221214,0.08440967857427689,0.06304891509221214,0.08440967857427689,,
qwen3_scaled_additional_binary,classification,vasopressor_initiation,brier,False,qwen3_depth8_deciles_unfused,qwen3_depth8_deciles_fused,61647,hospitalization_id,0.02426695351534008,0.023250199034250622,-0.0010167544810894581,0.0010167544810894581,-0.001230717404618773,-0.0008197816013932025,0.0008197816013932025,0.001230717404618773,,
qwen3_scaled_additional_binary,classification,vasopressor_initiation,ece_15,False,qwen3_depth8_deciles_unfused,qwen3_depth8_deciles_fused,61647,hospitalization_id,0.008842098494464625,0.0036394722929306194,-0.005202626201534006,0.005202626201534006,-0.006528177695837148,-0.003386058132215612,0.003386058132215612,0.006528177695837148,,
qwen3_scaled_additional_binary,classification,vasopressor_initiation,roc_auc,True,qwen3_depth8_deciles_unfused,qwen3_depth16_deciles_unfused,61647,hospitalization_id,0.49428694986860056,0.36619018923816654,-0.12809676063043401,-0.12809676063043401,-0.14625756327874623,-0.11029427205641881,-0.14625756327874623,-0.11029427205641881,,
qwen3_scaled_additional_binary,classification,vasopressor_initiation,pr_auc,True,qwen3_depth8_deciles_unfused,qwen3_depth16_deciles_unfused,61647,hospitalization_id,0.02391987589323346,0.017665846525027288,-0.006254029368206172,-0.006254029368206172,-0.007466452258938334,-0.00519002655210831,-0.007466452258938334,-0.00519002655210831,,
qwen3_scaled_additional_binary,classification,vasopressor_initiation,brier,False,qwen3_depth8_deciles_unfused,qwen3_depth16_deciles_unfused,61647,hospitalization_id,0.02426695351534008,0.024857325064130294,0.0005903715487902139,-0.0005903715487902139,0.000550413686326106,0.0006300965864221385,-0.0006300965864221385,-0.000550413686326106,,
qwen3_scaled_additional_binary,classification,vasopressor_initiation,ece_15,False,qwen3_depth8_deciles_unfused,qwen3_depth16_deciles_unfused,61647,hospitalization_id,0.008842098494464625,0.023078971124029228,0.014236872629564603,-0.014236872629564603,0.012637674981512484,0.015713898026066053,-0.015713898026066053,-0.012637674981512484,,
qwen3_scaled_additional_binary,classification,vasopressor_initiation,roc_auc,True,qwen3_depth8_deciles_unfused,qwen3_depth16_deciles_fused,61647,hospitalization_id,0.49428694986860056,0.6986198772877663,0.20433292741916576,0.20433292741916576,0.1819335187913497,0.22500658169859594,0.1819335187913497,0.22500658169859594,,
qwen3_scaled_additional_binary,classification,vasopressor_initiation,pr_auc,True,qwen3_depth8_deciles_unfused,qwen3_depth16_deciles_fused,61647,hospitalization_id,0.02391987589323346,0.09923102355514163,0.07531114766190816,0.07531114766190816,0.06519327570304252,0.0870595246380304,0.06519327570304252,0.0870595246380304,,
qwen3_scaled_additional_binary,classification,vasopressor_initiation,brier,False,qwen3_depth8_deciles_unfused,qwen3_depth16_deciles_fused,61647,hospitalization_id,0.02426695351534008,0.023241380966824522,-0.0010255725485155583,0.0010255725485155583,-0.001235858389001438,-0.0008157268575220432,0.0008157268575220432,0.001235858389001438,,
qwen3_scaled_additional_binary,classification,vasopressor_initiation,ece_15,False,qwen3_depth8_deciles_unfused,qwen3_depth16_deciles_fused,61647,hospitalization_id,0.008842098494464625,0.003883763971996107,-0.004958334522468518,0.004958334522468518,-0.006367384421315615,-0.0032219881699749246,0.0032219881699749246,0.006367384421315615,,
qwen3_scaled_additional_binary,classification,vasopressor_initiation,roc_auc,True,qwen3_depth8_deciles_fused,qwen3_depth16_deciles_unfused,61647,hospitalization_id,0.7001605260560357,0.36619018923816654,-0.3339703368178692,-0.3339703368178692,-0.355768607408798,-0.3127207952694563,-0.355768607408798,-0.3127207952694563,,
qwen3_scaled_additional_binary,classification,vasopressor_initiation,pr_auc,True,qwen3_depth8_deciles_fused,qwen3_depth16_deciles_unfused,61647,hospitalization_id,0.09651493589635472,0.017665846525027288,-0.07884908937132744,-0.07884908937132744,-0.0906969608791062,-0.06936480523792765,-0.0906969608791062,-0.06936480523792765,,
qwen3_scaled_additional_binary,classification,vasopressor_initiation,brier,False,qwen3_depth8_deciles_fused,qwen3_depth16_deciles_unfused,61647,hospitalization_id,0.023250199034250622,0.024857325064130294,0.001607126029879672,-0.001607126029879672,0.0014102555716283087,0.0018177450832221234,-0.0018177450832221234,-0.0014102555716283087,,
qwen3_scaled_additional_binary,classification,vasopressor_initiation,ece_15,False,qwen3_depth8_deciles_fused,qwen3_depth16_deciles_unfused,61647,hospitalization_id,0.0036394722929306194,0.023078971124029228,0.01943949883109861,-0.01943949883109861,0.01740309988328514,0.02087812259360658,-0.02087812259360658,-0.01740309988328514,,
qwen3_scaled_additional_binary,classification,vasopressor_initiation,roc_auc,True,qwen3_depth8_deciles_fused,qwen3_depth16_deciles_fused,61647,hospitalization_id,0.7001605260560357,0.6986198772877663,-0.0015406487682694259,-0.0015406487682694259,-0.01214873048541775,0.008309284640960257,-0.01214873048541775,0.008309284640960257,,
qwen3_scaled_additional_binary,classification,vasopressor_initiation,pr_auc,True,qwen3_depth8_deciles_fused,qwen3_depth16_deciles_fused,61647,hospitalization_id,0.09651493589635472,0.09923102355514163,0.002716087658786906,0.002716087658786906,-0.0038642755668966276,0.009361654465206678,-0.0038642755668966276,0.009361654465206678,,
qwen3_scaled_additional_binary,classification,vasopressor_initiation,brier,False,qwen3_depth8_deciles_fused,qwen3_depth16_deciles_fused,61647,hospitalization_id,0.023250199034250622,0.023241380966824522,-8.81806742610014e-06,8.81806742610014e-06,-0.00011631561436474492,0.00010255166344404066,-0.00010255166344404066,0.00011631561436474492,,
qwen3_scaled_additional_binary,classification,vasopressor_initiation,ece_15,False,qwen3_depth8_deciles_fused,qwen3_depth16_deciles_fused,61647,hospitalization_id,0.0036394722929306194,0.003883763971996107,0.00024429167906548765,-0.00024429167906548765,-0.0008130363619975255,0.0011294510561846232,-0.0011294510561846232,0.0008130363619975255,,
qwen3_scaled_additional_binary,classification,vasopressor_initiation,roc_auc,True,qwen3_depth16_deciles_unfused,qwen3_depth16_deciles_fused,61647,hospitalization_id,0.36619018923816654,0.6986198772877663,0.33242968804959977,0.33242968804959977,0.3108973077617063,0.35381111593358794,0.3108973077617063,0.35381111593358794,,
qwen3_scaled_additional_binary,classification,vasopressor_initiation,pr_auc,True,qwen3_depth16_deciles_unfused,qwen3_depth16_deciles_fused,61647,hospitalization_id,0.017665846525027288,0.09923102355514163,0.08156517703011434,0.08156517703011434,0.0714214338507661,0.09333330784917036,0.0714214338507661,0.09333330784917036,,
qwen3_scaled_additional_binary,classification,vasopressor_initiation,brier,False,qwen3_depth16_deciles_unfused,qwen3_depth16_deciles_fused,61647,hospitalization_id,0.024857325064130294,0.023241380966824522,-0.0016159440973057722,0.0016159440973057722,-0.0018249732521500085,-0.0014094607195920621,0.0014094607195920621,0.0018249732521500085,,
qwen3_scaled_additional_binary,classification,vasopressor_initiation,ece_15,False,qwen3_depth16_deciles_unfused,qwen3_depth16_deciles_fused,61647,hospitalization_id,0.023078971124029228,0.003883763971996107,-0.01919520715203312,0.01919520715203312,-0.020676160878020003,-0.01723707861303431,0.01723707861303431,0.020676160878020003,,
